Tiempo, Distancia, Error, Control
1033,-0.00,30.00,12.93
1045,-0.00,30.00,12.93
1057,0.02,29.98,12.93
1069,0.02,29.98,12.93
1081,-0.00,30.00,12.93
1093,-0.00,30.00,12.93
1105,-0.00,30.00,12.93
1117,-0.00,30.00,12.93
1129,-0.00,30.00,12.93
1141,-0.00,30.00,14.40
1153,-0.00,30.00,14.40
1165,-0.00,30.00,14.40
1177,-0.00,30.00,14.40
1189,-0.00,30.00,14.40
1201,-0.05,30.05,14.40
1213,-0.00,30.00,14.40
1225,-0.00,30.00,14.40
1237,-0.00,30.00,14.40
1249,0.02,29.98,15.87
1261,-0.00,30.00,15.87
1273,0.02,29.98,15.87
1285,0.02,29.98,15.87
1297,0.02,29.98,15.87
1309,-0.00,30.00,15.87
1321,-0.00,30.00,15.87
1333,-0.00,30.00,15.87
1345,-0.00,30.00,15.87
1357,-0.00,30.00,17.35
1369,-0.00,30.00,17.35
1381,-0.02,30.02,17.35
1393,-0.00,30.00,17.35
1405,-0.00,30.00,17.35
1417,-0.00,30.00,17.35
1429,0.42,29.58,17.35
1441,-0.00,30.00,17.35
1453,-0.00,30.00,17.35
1465,-0.00,30.00,18.83
1477,-0.00,30.00,18.83
1489,-0.00,30.00,18.83
1501,-0.00,30.00,18.83
1513,-0.00,30.00,18.83
1525,-0.00,30.00,18.83
1537,-0.00,30.00,18.83
1549,-0.00,30.00,18.83
1561,-0.00,30.00,18.83
1573,-0.00,30.00,20.30
1585,-0.00,30.00,20.30
1597,-0.02,30.02,20.30
1609,-0.00,30.00,20.30
1621,-0.00,30.00,20.30
1633,-0.00,30.00,20.30
1645,-0.00,30.00,20.30
1657,-0.00,30.00,20.30
1669,-0.00,30.00,20.30
1681,-0.00,30.00,21.78
1693,-0.00,30.00,21.78
1705,-0.02,30.02,21.78
1717,-0.00,30.00,21.78
1729,-0.00,30.00,21.78
1741,-0.00,30.00,21.78
1753,-0.00,30.00,21.78
1765,-0.00,30.00,21.78
1777,-0.00,30.00,21.78
1789,-0.00,30.00,23.26
1801,-0.00,30.00,23.26
1813,-0.00,30.00,23.26
1825,-0.00,30.00,23.26
1837,-0.00,30.00,23.26
1849,-0.00,30.00,23.26
1861,-0.00,30.00,23.26
1873,-0.00,30.00,23.26
1885,-0.00,30.00,23.26
1897,-0.00,30.00,24.73
1909,-0.00,30.00,24.73
1921,-0.00,30.00,24.73
1933,-0.00,30.00,24.73
1945,-0.00,30.00,24.73
1957,-0.00,30.00,24.73
1969,-0.00,30.00,24.73
1981,-0.00,30.00,24.73
1993,-0.00,30.00,24.73
2005,0.02,29.98,26.20
2017,-0.00,30.00,26.20
2029,-0.00,30.00,26.20
2041,0.02,29.98,26.20
2053,0.02,29.98,26.20
2065,-0.00,30.00,26.20
2077,-0.00,30.00,26.20
2089,-0.00,30.00,26.20
2101,-0.00,30.00,26.20
2113,0.02,29.98,27.67
2125,0.42,29.58,27.67
2137,-0.00,30.00,27.67
2149,-0.00,30.00,27.67
2161,0.02,29.98,27.67
2173,0.02,29.98,27.67
2185,-0.00,30.00,27.67
2197,0.42,29.58,27.67
2209,-0.00,30.00,27.67
2221,0.42,29.58,28.97
2233,0.02,29.98,28.97
2245,-0.00,30.00,28.97
2257,-0.00,30.00,28.97
2269,-0.00,30.00,28.97
2281,-0.00,30.00,28.97
2293,0.42,29.58,28.97
2305,-0.00,30.00,28.97
2317,-0.00,30.00,28.97
2329,-0.00,30.00,30.61
2341,-0.00,30.00,30.61
2353,-0.00,30.00,30.61
2365,-0.00,30.00,30.61
2377,0.42,29.58,30.61
2389,0.02,29.98,30.61
2401,-0.00,30.00,30.61
2413,-0.00,30.00,30.61
2425,0.02,29.98,30.61
2437,-0.00,30.00,32.09
2449,-0.00,30.00,32.09
2461,-0.00,30.00,32.09
2473,0.42,29.58,32.09
2485,0.02,29.98,32.09
2497,0.42,29.58,32.09
2509,0.42,29.58,32.09
2521,-0.00,30.00,32.09
2533,-0.00,30.00,32.09
2545,-0.00,30.00,33.56
2557,-0.00,30.00,33.56
2569,-0.00,30.00,33.56
2581,-0.00,30.00,33.56
2593,0.02,29.98,33.56
2605,-0.00,30.00,33.56
2617,-0.00,30.00,33.56
2629,0.02,29.98,33.56
2641,-0.00,30.00,33.56
2653,0.02,29.98,35.03
2665,-0.00,30.00,35.03
2677,-0.00,30.00,35.03
2689,-0.00,30.00,35.03
2701,-0.00,30.00,35.03
2713,0.02,29.98,35.03
2725,-0.00,30.00,35.03
2737,-0.00,30.00,35.03
2749,-0.00,30.00,35.03
2761,-0.00,30.00,36.51
2773,-0.00,30.00,36.51
2785,-0.00,30.00,36.51
2797,-0.00,30.00,36.51
2809,-0.00,30.00,36.51
2821,-0.00,30.00,36.51
2833,-0.00,30.00,36.51
2845,-0.00,30.00,36.51
2857,-0.00,30.00,36.51
2869,-0.00,30.00,37.99
2881,-0.00,30.00,37.99
2893,-0.00,30.00,37.99
2905,-0.00,30.00,37.99
2917,-0.00,30.00,37.99
2929,-0.00,30.00,37.99
2941,-0.00,30.00,37.99
2953,-0.00,30.00,37.99
2965,-0.00,30.00,37.99
2977,-0.00,30.00,39.47
2989,-0.00,30.00,39.47
3001,-0.00,30.00,39.47
3013,-0.00,30.00,39.47
3025,-0.00,30.00,39.47
3037,-0.00,30.00,39.47
3049,-0.00,30.00,39.47
3061,-0.00,30.00,39.47
3073,-0.00,30.00,39.47
3085,-0.00,30.00,40.94
3097,-0.00,30.00,40.94
3109,-0.00,30.00,40.94
3121,-0.00,30.00,40.94
3133,-0.03,30.03,40.94
3145,-0.00,30.00,40.94
3157,-0.00,30.00,40.94
3169,0.42,29.58,40.94
3181,0.42,29.58,40.94
3193,0.42,29.58,42.24
3205,0.42,29.58,42.24
3217,0.02,29.98,42.24
3229,-0.00,30.00,42.24
3241,-0.00,30.00,42.24
3253,-0.00,30.00,42.24
3265,-0.00,30.00,42.24
3277,-0.00,30.00,42.24
3289,-0.00,30.00,42.24
3301,-0.00,30.00,43.87
3313,-0.00,30.00,43.87
3325,-0.00,30.00,43.87
3337,-0.00,30.00,43.87
3349,-0.00,30.00,43.87
3361,-0.00,30.00,43.87
3373,-0.00,30.00,43.87
3385,-0.00,30.00,43.87
3397,-0.00,30.00,43.87
3409,-0.00,30.00,45.35
3421,-0.00,30.00,45.35
3433,-0.00,30.00,45.35
3445,-0.00,30.00,45.35
3457,-0.00,30.00,45.35
3469,-0.00,30.00,45.35
3481,-0.00,30.00,45.35
3493,-0.00,30.00,45.35
3505,-0.00,30.00,45.35
3517,-0.00,30.00,46.82
3529,-0.00,30.00,46.82
3541,-0.00,30.00,46.82
3553,-0.00,30.00,46.82
3565,-0.00,30.00,46.82
3577,-0.00,30.00,46.82
3589,-0.00,30.00,46.82
3601,-0.00,30.00,46.82
3613,-0.00,30.00,46.82
3625,-0.00,30.00,48.30
3637,-0.00,30.00,48.30
3649,-0.00,30.00,48.30
3661,-0.00,30.00,48.30
3673,-0.00,30.00,48.30
3685,-0.00,30.00,48.30
3697,-0.00,30.00,48.30
3709,-0.00,30.00,48.30
3721,-0.00,30.00,48.30
3733,-0.00,30.00,49.78
3745,-0.00,30.00,49.78
3757,-0.03,30.03,49.78
3769,-0.00,30.00,49.78
3781,-0.00,30.00,49.78
3793,-0.00,30.00,49.78
3805,-0.00,30.00,49.78
3817,-0.00,30.00,49.78
3829,-0.00,30.00,49.78
3841,-0.00,30.00,51.25
3853,-0.00,30.00,51.25
3865,-0.03,30.03,51.25
3877,-0.00,30.00,51.25
3889,-0.00,30.00,51.25
3901,-0.00,30.00,51.25
3913,-0.00,30.00,51.25
3925,-0.00,30.00,51.25
3937,-0.00,30.00,51.25
3949,-0.00,30.00,52.73
3961,-0.00,30.00,52.73
3973,-0.00,30.00,52.73
3985,0.41,29.59,52.73
3997,-0.00,30.00,52.73
4009,-0.00,30.00,52.73
4021,-0.00,30.00,52.73
4033,-0.00,30.00,52.73
4045,-0.05,30.05,52.73
4057,-0.00,30.00,54.20
4069,-0.00,30.00,54.20
4081,0.42,29.58,54.20
4093,0.47,29.53,54.20
4105,0.47,29.53,54.20
4117,0.47,29.53,54.20
4129,0.41,29.59,54.20
4141,0.42,29.58,54.20
4153,-0.00,30.00,54.20
4165,0.42,29.58,55.50
4177,0.47,29.53,55.50
4189,0.47,29.53,55.50
4201,0.47,29.53,55.50
4213,0.47,29.53,55.50
4225,0.42,29.58,55.50
4237,0.41,29.59,55.50
4249,0.42,29.58,55.50
4261,0.42,29.58,55.50
4273,0.47,29.53,56.93
4285,0.47,29.53,56.93
4297,0.47,29.53,56.93
4309,0.47,29.53,56.93
4321,0.47,29.53,56.93
4333,0.47,29.53,56.93
4345,0.47,29.53,56.93
4357,0.47,29.53,56.93
4369,0.47,29.53,56.93
4381,0.47,29.53,58.38
4393,0.47,29.53,58.38
4405,0.47,29.53,58.38
4417,0.47,29.53,58.38
4429,0.47,29.53,58.38
4441,0.07,29.93,58.38
4453,0.47,29.53,58.38
4465,0.07,29.93,58.38
4477,0.07,29.93,58.38
4489,0.07,29.93,60.01
4501,0.47,29.53,60.01
4513,0.47,29.53,60.01
4525,0.47,29.53,60.01
4537,0.47,29.53,60.01
4549,0.47,29.53,60.01
4561,0.47,29.53,60.01
4573,0.07,29.93,60.01
4585,0.07,29.93,60.01
4597,0.47,29.53,61.31
4609,0.47,29.53,61.31
4621,0.47,29.53,61.31
4633,0.07,29.93,61.31
4645,0.07,29.93,61.31
4657,0.47,29.53,61.31
4669,0.47,29.53,61.31
4681,0.07,29.93,61.31
4693,0.07,29.93,61.31
4705,0.07,29.93,62.94
4717,0.07,29.93,62.94
4729,0.07,29.93,62.94
4741,0.07,29.93,62.94
4753,0.07,29.93,62.94
4765,0.05,29.95,62.94
4777,0.07,29.93,62.94
4789,0.07,29.93,62.94
4801,0.07,29.93,62.94
4813,0.07,29.93,64.41
4825,0.07,29.93,64.41
4837,0.07,29.93,64.41
4849,0.07,29.93,64.41
4861,0.07,29.93,64.41
4873,0.07,29.93,64.41
4885,0.07,29.93,64.41
4897,0.07,29.93,64.41
4909,0.07,29.93,64.41
4921,0.47,29.53,65.70
4933,0.07,29.93,65.70
4945,0.19,29.81,65.70
4957,0.07,29.93,65.70
4969,0.07,29.93,65.70
4981,0.07,29.93,65.70
4993,0.07,29.93,65.70
5005,0.07,29.93,65.70
5017,0.07,29.93,65.70
5029,0.07,29.93,67.33
5041,0.07,29.93,67.33
5053,0.07,29.93,67.33
5065,0.07,29.93,67.33
5077,0.07,29.93,67.33
5089,0.07,29.93,67.33
5101,0.07,29.93,67.33
5113,0.07,29.93,67.33
5125,0.07,29.93,67.33
5137,0.07,29.93,68.81
5149,0.07,29.93,68.81
5161,0.47,29.53,68.81
5173,0.47,29.53,68.81
5185,0.07,29.93,68.81
5197,0.07,29.93,68.81
5209,0.47,29.53,68.81
5221,0.53,29.47,68.81
5233,0.54,29.46,68.81
5245,0.47,29.53,70.10
5257,0.47,29.53,70.10
5269,0.47,29.53,70.10
5281,0.07,29.93,70.10
5293,0.47,29.53,70.10
5305,0.54,29.46,70.10
5317,0.54,29.46,70.10
5329,0.47,29.53,70.10
5341,0.07,29.93,70.10
5353,0.47,29.53,71.55
5365,0.47,29.53,71.55
5377,0.07,29.93,71.55
5389,0.54,29.46,71.55
5401,0.54,29.46,71.55
5413,0.36,29.64,71.55
5425,0.54,29.46,71.55
5437,0.47,29.53,71.55
5449,0.54,29.46,71.55
5461,0.12,29.88,73.16
5473,0.54,29.46,73.16
5485,0.54,29.46,73.16
5497,0.54,29.46,73.16
5509,0.54,29.46,73.16
5521,0.12,29.88,73.16
5533,0.12,29.88,73.16
5545,0.54,29.46,73.16
5557,0.12,29.88,73.16
5569,0.12,29.88,74.63
5581,0.54,29.46,74.63
5593,0.12,29.88,74.63
5605,0.53,29.47,74.63
5617,0.12,29.88,74.63
5629,0.12,29.88,74.63
5641,0.12,29.88,74.63
5653,0.54,29.46,74.63
5665,0.54,29.46,74.63
5677,0.54,29.46,75.92
5689,0.54,29.46,75.92
5701,0.54,29.46,75.92
5713,0.54,29.46,75.92
5725,0.12,29.88,75.92
5737,0.12,29.88,75.92
5749,0.12,29.88,75.92
5761,0.12,29.88,75.92
5773,0.54,29.46,75.92
5785,0.54,29.46,77.37
5797,0.53,29.47,77.37
5809,0.54,29.46,77.37
5821,0.12,29.88,77.37
5833,0.12,29.88,77.37
5845,0.12,29.88,77.37
5857,0.12,29.88,77.37
5869,0.12,29.88,77.37
5881,0.12,29.88,77.37
5893,0.12,29.88,79.00
5905,0.12,29.88,79.00
5917,0.12,29.88,79.00
5929,0.12,29.88,79.00
5941,0.12,29.88,79.00
5953,0.12,29.88,79.00
5965,0.12,29.88,79.00
5977,0.12,29.88,79.00
5989,0.12,29.88,79.00
6001,0.12,29.88,80.47
6013,0.14,29.86,80.47
6025,0.12,29.88,80.47
6037,0.12,29.88,80.47
6049,0.12,29.88,80.47
6061,0.12,29.88,80.47
6073,0.12,29.88,80.47
6085,0.12,29.88,80.47
6097,0.12,29.88,80.47
6109,0.12,29.88,81.94
6121,0.12,29.88,81.94
6133,0.12,29.88,81.94
6145,0.12,29.88,81.94
6157,0.12,29.88,81.94
6169,0.10,29.90,81.94
6181,0.12,29.88,81.94
6193,0.12,29.88,81.94
6205,0.12,29.88,81.94
6217,0.12,29.88,83.41
6229,0.12,29.88,83.41
6241,0.12,29.88,83.41
6253,0.12,29.88,83.41
6265,0.12,29.88,83.41
6277,0.12,29.88,83.41
6289,0.19,29.81,83.41
6301,0.12,29.88,83.41
6313,0.59,29.41,83.41
6325,0.59,29.41,84.67
6337,0.19,29.81,84.67
6349,0.19,29.81,84.67
6361,0.19,29.81,84.67
6373,0.19,29.81,84.67
6385,0.19,29.81,84.67
6397,0.19,29.81,84.67
6409,0.19,29.81,84.67
6421,0.24,29.76,84.67
6433,0.24,29.76,86.27
6445,0.24,29.76,86.27
6457,0.24,29.76,86.27
6469,0.24,29.76,86.27
6481,0.24,29.76,86.27
6493,0.24,29.76,86.27
6505,0.24,29.76,86.27
6517,0.24,29.76,86.27
6529,0.24,29.76,86.27
6541,0.24,29.76,87.74
6553,0.24,29.76,87.74
6565,0.71,29.29,87.74
6577,0.71,29.29,87.74
6589,0.30,29.70,87.74
6601,0.30,29.70,87.74
6613,0.71,29.29,87.74
6625,0.71,29.29,87.74
6637,0.30,29.70,87.74
6649,0.29,29.71,89.18
6661,0.30,29.70,89.18
6673,0.29,29.71,89.18
6685,0.76,29.24,89.18
6697,0.36,29.64,89.18
6709,0.30,29.70,89.18
6721,0.30,29.70,89.18
6733,0.78,29.22,89.18
6745,0.76,29.24,89.18
6757,0.30,29.70,90.63
6769,0.78,29.22,90.63
6781,0.36,29.64,90.63
6793,0.76,29.24,90.63
6805,0.36,29.64,90.63
6817,0.36,29.64,90.63
6829,0.36,29.64,90.63
6841,0.36,29.64,90.63
6853,0.36,29.64,90.63
6865,0.83,29.17,91.87
6877,0.36,29.64,91.87
6889,0.83,29.17,91.87
6901,0.42,29.58,91.87
6913,0.83,29.17,91.87
6925,0.42,29.58,91.87
6937,0.83,29.17,91.87
6949,0.83,29.17,91.87
6961,0.88,29.12,91.87
6973,0.88,29.12,93.28
6985,0.47,29.53,93.28
6997,0.95,29.05,93.28
7009,0.95,29.05,93.28
7021,0.54,29.46,93.28
7033,0.54,29.46,93.28
7045,0.59,29.41,93.28
7057,0.64,29.36,93.28
7069,0.66,29.34,93.28
7081,1.12,28.88,94.61
7093,0.71,29.29,94.61
7105,0.78,29.22,94.61
7117,1.24,28.76,94.61
7129,1.31,28.69,94.61
7141,0.90,29.10,94.61
7153,1.38,28.62,94.61
7165,1.38,28.62,94.61
7177,1.00,29.00,94.61
7189,1.50,28.50,95.87
7201,1.07,28.93,95.87
7213,1.14,28.86,95.87
7225,1.12,28.88,95.87
7237,1.61,28.39,95.87
7249,1.67,28.33,95.87
7261,1.67,28.33,95.87
7273,1.67,28.33,95.87
7285,1.72,28.28,95.87
7297,1.78,28.22,97.15
7309,1.38,28.62,97.15
7321,1.83,28.17,97.15
7333,1.85,28.15,97.15
7345,1.50,28.50,97.15
7357,1.55,28.45,97.15
7369,2.02,27.98,97.15
7381,2.07,27.93,97.15
7393,2.14,27.86,97.15
7405,2.19,27.81,98.36
7417,1.85,28.15,98.36
7429,1.90,28.10,98.36
7441,1.95,28.05,98.36
7453,2.50,27.50,98.36
7465,2.55,27.45,98.36
7477,2.62,27.38,98.36
7489,3.09,26.91,98.36
7501,2.74,27.26,98.36
7513,2.74,27.26,99.49
7525,2.43,27.57,99.49
7537,2.91,27.09,99.49
7549,2.96,27.04,99.49
7561,3.09,26.91,99.49
7573,2.74,27.26,99.49
7585,2.79,27.21,99.49
7597,2.86,27.14,99.49
7609,3.38,26.62,99.49
7621,3.03,26.97,100.71
7633,3.55,26.45,100.71
7645,3.62,26.38,100.71
7657,3.67,26.33,100.71
7669,3.74,26.26,100.71
7681,3.43,26.57,100.71
7693,3.91,26.09,100.71
7705,3.96,26.04,100.71
7717,3.60,26.40,100.71
7729,4.15,25.85,101.55
7741,4.21,25.79,101.55
7753,4.67,25.33,101.55
7765,4.32,25.68,101.55
7777,4.38,25.62,101.55
7789,4.44,25.56,101.55
7801,4.50,25.50,101.55
7813,4.55,25.45,101.55
7825,5.03,24.97,101.55
7837,4.67,25.33,102.60
7849,5.10,24.90,102.60
7861,4.74,25.26,102.60
7873,4.38,25.62,102.60
7885,4.44,25.56,102.60
7897,5.32,24.68,102.60
7909,4.91,25.09,102.60
7921,4.91,25.09,102.60
7933,4.98,25.02,102.60
7945,5.44,24.56,103.52
7957,5.03,24.97,103.52
7969,5.10,24.90,103.52
7981,5.15,24.85,103.52
7993,4.79,25.21,103.52
8005,5.69,24.31,103.52
8017,5.75,24.25,103.52
8029,5.46,24.54,103.52
8041,5.93,24.07,103.52
8053,5.98,24.02,104.49
8065,5.56,24.44,104.49
8077,5.69,24.31,104.49
8089,5.81,24.19,104.49
8101,5.86,24.14,104.49
8113,6.46,23.54,104.49
8125,6.10,23.90,104.49
8137,6.22,23.78,104.49
8149,6.75,23.25,104.49
8161,6.87,23.13,105.29
8173,6.99,23.01,105.29
8185,6.63,23.37,105.29
8197,6.75,23.25,105.29
8209,6.87,23.13,105.29
8221,6.99,23.01,105.29
8233,7.16,22.84,105.29
8245,7.75,22.25,105.29
8257,7.87,22.13,105.29
8269,8.47,21.53,105.74
8281,7.82,22.18,105.74
8293,8.41,21.59,105.74
8305,8.58,21.42,105.74
8317,8.30,21.70,105.74
8329,8.41,21.59,105.74
8341,9.06,20.94,105.74
8353,9.16,20.84,105.74
8365,9.40,20.60,105.74
8377,10.13,19.87,106.08
8389,9.89,20.11,106.08
8401,10.13,19.87,106.08
8413,10.79,19.21,106.08
8425,11.03,18.97,106.08
8437,11.37,18.63,106.08
8449,10.73,19.27,106.08
8461,11.49,18.51,106.08
8473,12.20,17.80,106.08
8485,11.66,18.34,106.40
8497,12.38,17.62,106.40
8509,13.14,16.86,106.40
8521,13.02,16.98,106.40
8533,12.97,17.03,106.40
8545,14.14,15.86,106.40
8557,14.98,15.02,106.40
8569,14.50,15.50,106.40
8581,15.28,14.72,106.40
8593,16.17,13.83,105.36
8605,16.93,13.07,105.36
8617,15.98,14.02,105.36
8629,17.22,12.78,105.36
8641,17.27,12.73,105.36
8653,17.70,12.30,105.36
8665,18.12,11.88,105.36
8677,18.53,11.47,105.36
8689,19.36,10.64,105.36
8701,19.36,10.64,104.66
8713,21.08,8.92,104.66
8725,20.25,9.75,104.66
8737,22.01,7.99,104.66
8749,22.49,7.51,104.66
8761,22.54,7.46,104.66
8773,23.44,6.56,104.66
8785,23.49,6.51,104.66
8797,24.80,5.20,104.66
8809,23.97,6.03,103.20
8821,24.44,5.56,103.20
8833,27.76,2.24,103.20
8845,25.74,4.26,103.20
8857,24.97,5.03,103.20
8869,25.45,4.55,103.20
8881,26.62,3.38,103.20
8893,26.69,3.31,103.20
8905,27.45,2.55,103.20
8917,27.86,2.14,101.82
8929,30.00,-0.00,101.82
8941,29.17,0.83,101.82
8953,28.17,1.83,101.82
8965,28.58,1.42,101.82
8977,28.98,1.02,101.82
8989,29.65,0.35,101.82
9001,30.02,-0.02,101.82
9013,31.19,-1.19,101.82
9025,32.96,-2.96,99.73
9037,32.96,-2.96,99.73
9049,32.96,-2.96,99.73
9061,32.96,-2.96,99.73
9073,32.96,-2.96,99.73
9085,32.96,-2.96,99.73
9097,33.98,-3.98,99.73
9109,32.04,-2.04,99.73
9121,32.11,-2.11,99.73
9133,32.64,-2.64,99.72
9145,33.17,-3.17,99.72
9157,32.40,-2.40,99.72
9169,31.98,-1.98,99.72
9181,32.88,-2.88,99.72
9193,32.93,-2.93,99.72
9205,32.86,-2.86,99.72
9217,35.82,-5.82,99.72
9229,33.69,-3.69,99.72
9241,32.38,-2.38,99.70
9253,32.33,-2.33,99.70
9265,33.57,-3.57,99.70
9277,33.10,-3.10,99.70
9289,35.17,-5.17,99.70
9301,34.22,-4.22,99.70
9313,34.15,-4.15,99.70
9325,33.25,-3.25,99.70
9337,31.43,-1.43,99.70
9349,31.84,-1.84,99.82
9361,31.60,-1.60,99.82
9373,32.06,-2.06,99.82
9385,32.44,-2.44,99.82
9397,31.48,-1.48,99.82
9409,31.84,-1.84,99.82
9421,31.72,-1.72,99.82
9433,31.58,-1.58,99.82
9445,31.94,-1.94,99.82
9457,32.25,-2.25,99.55
9469,41.85,-11.85,99.55
9481,32.03,-2.03,99.55
9493,41.04,-11.04,99.55
9505,41.04,-11.04,99.55
9517,41.04,-11.04,99.55
9529,41.04,-11.04,99.55
9541,41.04,-11.04,99.55
9553,41.04,-11.04,99.55
9565,41.04,-11.04,95.66
9577,29.97,0.03,95.66
9589,30.33,-0.33,95.66
9601,29.37,0.62,95.66
9613,29.32,0.68,95.66
9625,30.50,-0.50,95.66
9637,29.54,0.46,95.66
9649,29.90,0.10,95.66
9661,29.37,0.62,95.66
9673,28.85,1.15,100.37
9685,30.90,-0.90,100.37
9697,29.09,0.91,100.37
9709,31.09,-1.09,100.37
9721,30.19,-0.19,100.37
9733,30.19,-0.19,100.37
9745,30.19,-0.19,100.37
9757,30.19,-0.19,100.37
9769,30.19,-0.19,100.37
9781,30.19,-0.19,99.84
9793,28.69,1.31,99.84
9805,29.48,0.52,99.84
9817,27.64,2.36,99.84
9829,27.93,2.07,99.84
9841,29.60,0.40,99.84
9853,28.64,1.36,99.84
9865,28.12,1.88,99.84
9877,28.12,1.88,99.84
9889,28.12,1.88,100.73
9901,28.12,1.88,100.73
9913,28.12,1.88,100.73
9925,28.12,1.88,100.73
9937,35.89,-5.89,100.73
9949,29.29,0.71,100.73
9961,29.29,0.71,100.73
9973,29.29,0.71,100.73
9985,29.29,0.71,100.73
9997,29.29,0.71,100.32
10009,29.29,0.71,100.32
10021,37.06,-7.06,100.32
10033,26.69,3.31,100.32
10045,26.64,3.36,100.32
10057,27.40,2.60,100.32
10069,26.52,3.48,100.32
10081,28.64,1.36,100.32
10093,28.64,1.36,100.32
10105,28.64,1.36,100.63
10117,28.64,1.36,100.63
10129,28.64,1.36,100.63
10141,28.64,1.36,100.63
10153,27.11,2.89,100.63
10165,25.81,4.19,100.63
10177,25.74,4.26,100.63
10189,27.47,2.53,100.63
10201,26.16,3.84,100.63
10213,27.45,2.55,101.21
10225,29.60,0.40,101.21
10237,25.74,4.26,101.21
10249,26.59,3.41,101.21
10261,26.57,3.43,101.21
10273,27.40,2.60,101.21
10285,30.09,-0.09,101.21
10297,30.09,-0.09,101.21
10309,30.09,-0.09,101.21
10321,30.09,-0.09,100.20
10333,30.09,-0.09,100.20
10345,30.09,-0.09,100.20
10357,28.24,1.76,100.20
10369,27.81,2.19,100.20
10381,27.40,2.60,100.20
10393,26.98,3.02,100.20
10405,27.86,2.14,100.20
10417,26.16,3.84,100.20
10429,26.99,3.01,101.53
10441,26.57,3.43,101.53
10453,26.98,3.02,101.53
10465,27.40,2.60,101.53
10477,27.40,2.60,101.53
10489,25.70,4.30,101.53
10501,26.52,3.48,101.53
10513,27.40,2.60,101.53
10525,27.40,2.60,101.53
10537,27.40,2.60,101.50
10549,27.40,2.60,101.50
10561,27.40,2.60,101.50
10573,27.40,2.60,101.50
10585,26.86,3.14,101.50
10597,28.52,1.48,101.50
10609,26.83,3.17,101.50
10621,27.23,2.77,101.50
10633,27.18,2.82,101.50
10645,26.30,3.70,102.10
10657,25.40,4.60,102.10
10669,25.81,4.19,102.10
10681,26.23,3.77,102.10
10693,26.21,3.79,102.10
10705,26.21,3.79,102.10
10717,26.21,3.79,102.10
10729,26.21,3.79,102.10
10741,26.21,3.79,102.10
10753,26.21,3.79,102.32
10765,26.21,3.79,102.32
10777,25.33,4.67,102.32
10789,28.37,1.63,102.32
10801,26.65,3.35,102.32
10813,25.41,4.59,102.32
10825,26.30,3.70,102.32
10837,25.89,4.11,102.32
10849,26.77,3.23,102.32
10861,25.94,4.06,102.62
10873,25.58,4.42,102.62
10885,26.06,3.94,102.62
10897,26.59,3.41,102.62
10909,26.64,3.36,102.62
10921,27.11,2.89,102.62
10933,25.92,4.08,102.62
10945,25.99,4.01,102.62
10957,26.04,3.96,102.62
10969,28.24,1.76,101.84
10981,26.99,3.01,101.84
10993,26.23,3.77,101.84
11005,27.11,2.89,101.84
11017,28.05,1.95,101.84
11029,27.69,2.31,101.84
11041,26.94,3.06,101.84
11053,26.54,3.46,101.84
11065,27.01,2.99,101.84
11077,27.42,2.58,102.27
11089,27.42,2.58,102.27
11101,27.42,2.58,102.27
11113,27.42,2.58,102.27
11125,27.42,2.58,102.27
11137,27.42,2.58,102.27
11149,27.61,2.39,102.27
11161,27.18,2.82,102.27
11173,27.18,2.82,102.27
11185,27.18,2.82,102.50
11197,27.18,2.82,102.50
11209,26.35,3.65,102.50
11221,27.18,2.82,102.50
11233,27.18,2.82,102.50
11245,27.20,2.80,102.50
11257,28.07,1.93,102.50
11269,27.66,2.34,102.50
11281,29.37,0.62,102.50
11293,26.83,3.17,102.80
11305,26.83,3.17,102.80
11317,26.88,3.12,102.80
11329,27.28,2.72,102.80
11341,29.48,0.52,102.80
11353,27.33,2.67,102.80
11365,29.05,0.95,102.80
11377,27.40,2.60,102.80
11389,27.40,2.60,102.80
11401,28.29,1.71,102.32
11413,30.41,-0.41,102.32
11425,27.45,2.55,102.32
11437,27.05,2.95,102.32
11449,27.93,2.07,102.32
11461,27.88,2.12,102.32
11473,28.35,1.65,102.32
11485,27.88,2.12,102.32
11497,27.45,2.55,102.32
11509,28.37,1.63,102.37
11521,27.49,2.51,102.37
11533,27.54,2.46,102.37
11545,27.95,2.05,102.37
11557,27.10,2.90,102.37
11569,28.78,1.22,102.37
11581,28.83,1.17,102.37
11593,27.95,2.05,102.37
11605,29.26,0.74,102.37
11617,28.42,1.58,102.43
11629,28.42,1.58,102.43
11641,27.18,2.82,102.43
11653,27.18,2.82,102.43
11665,28.07,1.93,102.43
11677,28.07,1.93,102.43
11689,27.66,2.34,102.43
11701,29.37,0.62,102.43
11713,28.08,1.92,102.43
11725,28.54,1.46,102.45
11737,28.52,1.48,102.45
11749,28.52,1.48,102.45
11761,28.17,1.83,102.45
11773,29.88,0.12,102.45
11785,28.58,1.42,102.45
11797,27.81,2.19,102.45
11809,28.64,1.36,102.45
11821,30.84,-0.84,102.45
11833,27.88,2.12,102.81
11845,27.52,2.48,102.81
11857,28.35,1.65,102.81
11869,30.97,-0.97,102.81
11881,36.62,-6.62,102.81
11893,36.62,-6.62,102.81
11905,36.62,-6.62,102.81
11917,36.62,-6.62,102.81
11929,36.62,-6.62,102.81
11941,36.62,-6.62,99.15
11953,36.62,-6.62,99.15
11965,29.17,0.83,99.15
11977,30.07,-0.07,99.15
11989,29.65,0.35,99.15
12001,29.65,0.35,99.15
12013,29.65,0.35,99.15
12025,29.65,0.35,99.15
12037,29.65,0.35,99.15
12049,29.65,0.35,101.83
12061,29.41,0.59,101.83
12073,29.00,1.00,101.83
12085,32.44,-2.44,101.83
12097,30.29,-0.29,101.83
12109,28.58,1.42,101.83
12121,28.17,1.83,101.83
12133,28.17,1.83,101.83
12145,29.41,0.59,101.83
12157,29.82,0.18,101.77
12169,28.52,1.48,101.77
12181,28.95,1.05,101.77
12193,28.93,1.07,101.77
12205,30.58,-0.58,101.77
12217,28.05,1.95,101.77
12229,28.00,2.00,101.77
12241,28.35,1.65,101.77
12253,36.13,-6.12,101.77
12265,36.13,-6.12,99.06
12277,36.13,-6.12,99.06
12289,36.13,-6.12,99.06
12301,36.13,-6.12,99.06
12313,36.13,-6.12,99.06
12325,27.98,2.02,99.06
12337,27.98,2.02,99.06
12349,27.95,2.05,99.06
12361,27.90,2.10,99.06
12373,28.25,1.75,102.15
12385,29.07,0.93,102.15
12397,29.02,0.98,102.15
12409,27.69,2.31,102.15
12421,28.05,1.95,102.15
12433,27.10,2.90,102.15
12445,26.67,3.33,102.15
12457,28.76,1.24,102.15
12469,26.98,3.02,102.15
12481,27.40,2.60,102.61
12493,26.98,3.02,102.61
12505,29.53,0.47,102.61
12517,27.40,2.60,102.61
12529,28.24,1.76,102.61
12541,29.12,0.88,102.61
12553,27.86,2.14,102.61
12565,28.27,1.73,102.61
12577,29.22,0.78,102.61
12589,29.22,0.78,101.95
12601,29.22,0.78,101.95
12613,29.22,0.78,101.95
12625,29.22,0.78,101.95
12637,29.22,0.78,101.95
12649,36.99,-6.99,101.95
12661,29.53,0.47,101.95
12673,30.41,-0.41,101.95
12685,28.34,1.66,101.95
12697,28.81,1.19,102.16
12709,28.41,1.59,102.16
12721,28.00,2.00,102.16
12733,27.98,2.02,102.16
12745,29.29,0.71,102.16
12757,29.29,0.71,102.16
12769,29.29,0.71,102.16
12781,29.29,0.71,102.16
12793,29.29,0.71,102.16
12805,29.29,0.71,102.02
12817,37.06,-7.06,102.02
12829,28.00,2.00,102.02
12841,28.00,2.00,102.02
12853,29.29,0.71,102.02
12865,27.59,2.41,102.02
12877,28.47,1.53,102.02
12889,27.64,2.36,102.02
12901,29.36,0.64,102.02
12913,29.36,0.64,102.02
12925,29.36,0.64,102.02
12937,28.95,1.05,102.02
12949,29.00,1.00,102.02
12961,28.17,1.83,102.02
12973,37.25,-7.25,102.02
12985,37.25,-7.25,102.02
12997,37.25,-7.25,102.02
13009,37.25,-7.25,102.02
13021,37.25,-7.25,98.66
13033,37.25,-7.25,98.66
13045,37.25,-7.25,98.66
13057,30.12,-0.12,98.66
13069,29.70,0.30,98.66
13081,29.31,0.69,98.66
13093,28.13,1.87,98.66
13105,29.85,0.15,98.66
13117,28.97,1.03,98.66
13129,28.54,1.46,102.05
13141,29.85,0.15,102.05
13153,29.90,0.10,102.05
13165,28.19,1.81,102.05
13177,28.19,1.81,102.05
13189,28.58,1.42,102.05
13201,28.63,1.37,102.05
13213,28.64,1.36,102.05
13225,29.05,0.95,102.05
13237,28.22,1.78,102.26
13249,29.05,0.95,102.26
13261,28.64,1.36,102.26
13273,29.05,0.95,102.26
13285,29.95,0.05,102.26
13297,30.36,-0.36,102.26
13309,30.79,-0.79,102.26
13321,30.79,-0.79,102.26
13333,30.79,-0.79,102.26
13345,30.79,-0.79,101.24
13357,30.79,-0.79,101.24
13369,30.79,-0.79,101.24
13381,28.71,1.29,101.24
13393,29.17,0.83,101.24
13405,30.48,-0.48,101.24
13417,30.48,-0.48,101.24
13429,30.48,-0.48,101.24
13441,30.48,-0.48,101.24
13453,30.48,-0.48,101.34
13465,30.48,-0.48,101.34
13477,30.48,-0.48,101.34
13489,29.17,0.83,101.34
13501,31.45,-1.45,101.34
13513,29.60,0.40,101.34
13525,29.65,0.35,101.34
13537,30.90,-0.90,101.34
13549,30.48,-0.48,101.34
13561,30.41,-0.41,101.34
13573,30.41,-0.41,101.34
13585,38.18,-8.18,101.34
13597,38.18,-8.18,101.34
13609,38.18,-8.18,101.34
13621,38.18,-8.18,101.34
13633,38.18,-8.18,101.34
13645,38.18,-8.18,101.34
13657,29.49,0.51,101.34
13669,28.19,1.81,102.28
13681,29.02,0.98,102.28
13693,31.14,-1.14,102.28
13705,28.07,1.93,102.28
13717,29.36,0.64,102.28
13729,28.07,1.93,102.28
13741,28.49,1.51,102.28
13753,31.04,-1.04,102.28
13765,29.31,0.69,102.28
13777,28.47,1.53,102.25
13789,28.90,1.10,102.25
13801,29.31,0.69,102.25
13813,28.90,1.10,102.25
13825,28.47,1.53,102.25
13837,30.19,-0.19,102.25
13849,29.37,0.62,102.25
13861,29.37,0.62,102.25
13873,29.02,0.98,102.25
13885,31.19,-1.19,101.15
13897,28.19,1.81,101.15
13909,30.31,-0.31,101.15
13921,28.19,1.81,101.15
13933,30.31,-0.31,101.15
13945,29.94,0.06,101.15
13957,30.77,-0.77,101.15
13969,31.65,-1.65,101.15
13981,27.88,2.12,101.15
13993,28.69,1.31,102.17
14005,29.12,0.88,102.17
14017,39.01,-9.01,102.17
14029,30.36,-0.36,102.17
14041,28.24,1.76,102.17
14053,29.05,0.95,102.17
14065,30.77,-0.77,102.17
14077,31.18,-1.18,102.17
14089,28.64,1.36,102.17
14101,28.22,1.78,102.44
14113,27.81,2.19,102.44
14125,29.05,0.95,102.44
14137,29.12,0.88,102.44
14149,29.10,0.90,102.44
14161,29.10,0.90,102.44
14173,28.30,1.70,102.44
14185,29.19,0.81,102.44
14197,29.19,0.81,102.44
14209,30.90,-0.90,101.37
14221,30.50,-0.50,101.37
14233,30.50,-0.50,101.37
14245,30.50,-0.50,101.37
14257,30.50,-0.50,101.37
14269,30.50,-0.50,101.37
14281,30.50,-0.50,101.37
14293,30.74,-0.74,101.37
14305,29.46,0.54,101.37
14317,31.18,-1.18,101.20
14329,31.18,-1.18,101.20
14341,31.18,-1.18,101.20
14353,31.18,-1.18,101.20
14365,31.18,-1.18,101.20
14377,31.18,-1.18,101.20
14389,31.18,-1.18,101.20
14401,30.36,-0.36,101.20
14413,29.48,0.52,101.20
14425,30.31,-0.31,101.52
14437,30.29,-0.29,101.52
14449,30.72,-0.72,101.52
14461,29.83,0.17,101.52
14473,37.60,-7.60,101.52
14485,28.93,1.07,101.52
14497,27.69,2.31,101.52
14509,29.77,0.23,101.52
14521,29.72,0.28,101.52
14533,30.53,-0.53,101.41
14545,31.31,-1.31,101.41
14557,31.30,-1.30,101.41
14569,30.77,-0.77,101.41
14581,29.88,0.12,101.41
14593,29.00,1.00,101.41
14605,29.37,0.62,101.41
14617,30.17,-0.17,101.41
14629,29.70,0.30,101.41
14641,29.20,0.80,101.95
14653,28.29,1.71,101.95
14665,29.05,0.95,101.95
14677,28.58,1.42,101.95
14689,30.24,-0.24,101.95
14701,27.57,2.43,101.95
14713,28.81,1.19,101.95
14725,28.34,1.66,101.95
14737,28.22,1.78,101.95
14749,28.17,1.83,102.44
14761,28.58,1.42,102.44
14773,28.07,1.93,102.44
14785,28.42,1.58,102.44
14797,27.47,2.53,102.44
14809,27.47,2.53,102.44
14821,27.47,2.53,102.44
14833,27.47,2.53,102.44
14845,27.47,2.53,102.44
14857,27.47,2.53,102.83
14869,35.24,-5.24,102.83
14881,28.10,1.90,102.83
14893,28.10,1.90,102.83
14905,28.10,1.90,102.83
14917,28.10,1.90,102.83
14929,28.10,1.90,102.83
14941,28.10,1.90,102.83
14953,35.87,-5.87,102.83
14965,28.47,1.53,102.52
14977,27.23,2.77,102.52
14989,27.23,2.77,102.52
15001,28.54,1.46,102.52
15013,27.28,2.72,102.52
15025,27.30,2.70,102.52
15037,28.19,1.81,102.52
15049,28.64,1.36,102.52
15061,28.69,1.31,102.52
15073,27.05,2.95,103.21
15085,28.81,1.19,103.21
15097,27.10,2.90,103.21
15109,28.41,1.59,103.21
15121,29.70,0.30,103.21
15133,29.70,0.30,103.21
15145,29.70,0.30,103.21
15157,29.70,0.30,103.21
15169,29.70,0.30,103.21
15181,29.70,0.30,102.22
15193,30.07,-0.07,102.22
15205,29.77,0.23,102.22
15217,28.52,1.48,102.22
15229,28.17,1.83,102.22
15241,29.12,0.88,102.22
15253,29.60,0.40,102.22
15265,30.96,-0.96,102.22
15277,30.96,-0.96,102.22
15289,30.96,-0.96,101.69
15301,30.96,-0.96,101.69
15313,30.96,-0.96,101.69
15325,30.96,-0.96,101.69
15337,38.73,-8.73,101.69
15349,28.93,1.07,101.69
15361,29.82,0.18,101.69
15373,29.88,0.12,101.69
15385,29.53,0.47,101.69
15397,30.89,-0.89,101.67
15409,30.89,-0.89,101.67
15421,30.89,-0.89,101.67
15433,30.89,-0.89,101.67
15445,30.89,-0.89,101.67
15457,30.89,-0.89,101.67
15469,30.89,-0.89,101.67
15481,38.66,-8.66,101.67
15493,29.77,0.23,101.67
15505,29.29,0.71,102.32
15517,30.72,-0.72,102.32
15529,30.11,-0.11,102.32
15541,28.81,1.19,102.32
15553,29.70,0.30,102.32
15565,29.22,0.78,102.32
15577,29.65,0.35,102.32
15589,29.17,0.83,102.32
15601,29.58,0.42,102.32
15613,28.29,1.71,102.78
15625,28.69,1.31,102.78
15637,29.12,0.88,102.78
15649,29.99,0.01,102.78
15661,30.84,-0.84,102.78
15673,29.12,0.88,102.78
15685,30.41,-0.41,102.78
15697,28.69,1.31,102.78
15709,30.41,-0.41,102.78
15721,28.69,1.31,102.69
15733,29.12,0.88,102.69
15745,29.60,0.40,102.69
15757,30.48,-0.48,102.69
15769,30.06,-0.06,102.69
15781,30.96,-0.96,102.69
15793,29.70,0.30,102.69
15805,29.72,0.28,102.69
15817,44.34,-14.34,102.69
15829,44.34,-14.34,96.02
15841,44.34,-14.34,96.02
15853,44.34,-14.34,96.02
15865,44.34,-14.34,96.02
15877,44.34,-14.34,96.02
15889,44.34,-14.34,96.02
15901,29.61,0.39,96.02
15913,29.20,0.80,96.02
15925,30.50,-0.50,96.02
15937,30.09,-0.09,101.45
15949,30.09,-0.09,101.45
15961,30.50,-0.50,101.45
15973,31.74,-1.74,101.45
15985,30.45,-0.45,101.45
15997,31.28,-1.28,101.45
16009,29.56,0.44,101.45
16021,31.24,-1.24,101.45
16033,31.67,-1.67,101.45
16045,39.44,-9.44,97.42
16057,39.44,-9.44,97.42
16069,39.44,-9.44,97.42
16081,39.44,-9.44,97.42
16093,39.44,-9.44,97.42
16105,39.44,-9.44,97.42
16117,30.89,-0.89,97.42
16129,29.53,0.47,97.42
16141,29.88,0.12,97.42
16153,29.41,0.59,101.27
16165,29.77,0.23,101.27
16177,30.53,-0.53,101.27
16189,29.66,0.34,101.27
16201,28.71,1.29,101.27
16213,30.31,-0.31,101.27
16225,28.59,1.41,101.27
16237,28.95,1.05,101.27
16249,28.41,1.59,101.27
16261,27.88,2.12,101.96
16273,29.53,0.47,101.96
16285,27.71,2.29,101.96
16297,29.77,0.23,101.96
16309,29.77,0.23,101.96
16321,29.77,0.23,101.96
16333,29.77,0.23,101.96
16345,29.77,0.23,101.96
16357,29.77,0.23,101.96
16369,37.54,-7.54,97.91
16381,27.64,2.36,97.91
16393,27.57,2.43,97.91
16405,28.35,1.65,97.91
16417,30.00,-0.00,97.91
16429,28.29,1.71,97.91
16441,26.93,3.07,97.91
16453,29.05,0.95,97.91
16465,26.88,3.12,97.91
16477,26.38,3.62,102.34
16489,27.22,2.78,102.34
16501,27.17,2.83,102.34
16513,28.41,1.59,102.34
16525,27.10,2.90,102.34
16537,26.62,3.38,102.34
16549,28.29,1.71,102.34
16561,36.06,-6.06,102.34
16573,27.81,2.19,102.34
16585,29.12,0.88,101.34
16597,27.40,2.60,101.34
16609,26.98,3.02,101.34
16621,28.29,1.71,101.34
16633,28.29,1.71,101.34
16645,27.83,2.17,101.34
16657,30.00,-0.00,101.34
16669,29.19,0.81,101.34
16681,27.52,2.48,101.34
16693,27.17,2.83,102.22
16705,27.17,2.83,102.22
16717,27.17,2.83,102.22
16729,27.17,2.83,102.22
16741,27.17,2.83,102.22
16753,27.17,2.83,102.22
16765,34.94,-4.94,102.22
16777,27.28,2.72,102.22
16789,26.88,3.12,102.22
16801,28.17,1.83,101.93
16813,27.33,2.67,101.93
16825,29.48,0.52,101.93
16837,27.76,2.24,101.93
16849,28.24,1.76,101.93
16861,28.29,1.71,101.93
16873,27.45,2.55,101.93
16885,28.76,1.24,101.93
16897,28.76,1.24,101.93
16909,28.76,1.24,101.77
16921,28.76,1.24,101.77
16933,28.76,1.24,101.77
16945,28.76,1.24,101.77
16957,36.53,-6.53,101.77
16969,29.29,0.71,101.77
16981,27.17,2.83,101.77
16993,27.17,2.83,101.77
17005,28.88,1.12,101.77
17017,28.41,1.59,101.98
17029,28.00,2.00,101.98
17041,27.98,2.02,101.98
17053,27.57,2.43,101.98
17065,27.57,2.43,101.98
17077,28.88,1.12,101.98
17089,28.41,1.59,101.98
17101,28.88,1.12,101.98
17113,36.65,-6.65,101.98
17125,36.65,-6.65,98.51
17137,36.65,-6.65,98.51
17149,36.65,-6.65,98.51
17161,36.65,-6.65,98.51
17173,36.65,-6.65,98.51
17185,28.00,2.00,98.51
17197,26.69,3.31,98.51
17209,28.41,1.59,98.51
17221,27.93,2.07,98.51
17233,28.76,1.24,101.58
17245,28.76,1.24,101.58
17257,28.76,1.24,101.58
17269,28.76,1.24,101.58
17281,28.76,1.24,101.58
17293,28.76,1.24,101.58
17305,36.53,-6.53,101.58
17317,27.76,2.24,101.58
17329,27.69,2.31,101.58
17341,28.93,1.07,101.57
17353,28.05,1.95,101.57
17365,27.17,2.83,101.57
17377,26.69,3.31,101.57
17389,27.93,2.07,101.57
17401,29.14,0.86,101.57
17413,27.42,2.58,101.57
17425,28.66,1.34,101.57
17437,26.54,3.46,101.57
17449,28.17,1.83,101.95
17461,27.28,2.72,101.95
17473,27.22,2.78,101.95
17485,26.76,3.24,101.95
17497,27.17,2.83,101.95
17509,26.69,3.31,101.95
17521,25.81,4.19,101.95
17533,25.74,4.26,101.95
17545,26.57,3.43,101.95
17557,28.24,1.76,102.01
17569,26.47,3.53,102.01
17581,27.28,2.72,102.01
17593,26.81,3.19,102.01
17605,26.33,3.67,102.01
17617,25.87,4.13,102.01
17629,26.71,3.29,102.01
17641,26.23,3.77,102.01
17653,26.18,3.82,102.01
17665,25.35,4.65,103.34
17677,26.60,3.40,103.34
17689,25.75,4.25,103.34
17701,27.05,2.95,103.34
17713,27.05,2.95,103.34
17725,27.88,2.12,103.34
17737,28.35,1.65,103.34
17749,28.41,1.59,103.34
17761,27.11,2.89,103.34
17773,26.35,3.65,103.14
17785,27.23,2.77,103.14
17797,22.86,7.14,103.14
17809,22.86,7.14,103.14
17821,22.86,7.14,103.14
17833,22.86,7.14,103.14
17845,22.86,7.14,103.14
17857,22.86,7.14,103.14
17869,27.18,2.82,103.14
17881,27.23,2.77,102.94
17893,26.38,3.62,102.94
17905,27.76,2.24,102.94
17917,27.81,2.19,102.94
17929,27.45,2.55,102.94
17941,28.34,1.66,102.94
17953,26.69,3.31,102.94
17965,26.33,3.67,102.94
17977,28.12,1.88,102.94
17989,29.05,0.95,102.29
18001,27.81,2.19,102.29
18013,27.45,2.55,102.29
18025,29.24,0.76,102.29
18037,27.64,2.36,102.29
18049,28.10,1.90,102.29
18061,29.00,1.00,102.29
18073,28.58,1.42,102.29
18085,28.58,1.42,102.29
18097,28.58,1.42,102.54
18109,28.58,1.42,102.54
18121,28.58,1.42,102.54
18133,28.58,1.42,102.54
18145,29.60,0.40,102.54
18157,30.07,-0.07,102.54
18169,30.12,-0.12,102.54
18181,28.52,1.48,102.54
18193,29.07,0.93,102.54
18205,29.53,0.47,102.20
18217,28.76,1.24,102.20
18229,29.72,0.28,102.20
18241,29.37,0.62,102.20
18253,29.90,0.10,102.20
18265,29.95,0.05,102.20
18277,29.61,0.39,102.20
18289,29.72,0.28,102.20
18301,29.83,0.17,102.20
18313,30.74,-0.74,101.70
18325,30.82,-0.82,101.70
18337,30.48,-0.48,101.70
18349,30.12,-0.12,101.70
18361,33.20,-3.20,101.70
18373,30.29,-0.29,101.70
18385,29.46,0.54,101.70
18397,29.94,0.06,101.70
18409,30.00,-0.00,101.70
18421,32.20,-2.20,101.04
18433,32.20,-2.20,101.04
18445,32.20,-2.20,101.04
18457,32.20,-2.20,101.04
18469,32.20,-2.20,101.04
18481,32.20,-2.20,101.04
18493,39.97,-9.97,101.04
18505,30.24,-0.24,101.04
18517,29.77,0.23,101.04
18529,31.89,-1.89,101.06
18541,31.48,-1.48,101.06
18553,30.62,-0.62,101.06
18565,29.70,0.30,101.06
18577,30.12,-0.12,101.06
18589,31.77,-1.77,101.06
18601,30.89,-0.89,101.06
18613,30.43,-0.43,101.06
18625,30.77,-0.77,101.06
18637,29.92,0.08,101.82
18649,29.41,0.59,101.82
18661,30.19,-0.19,101.82
18673,29.72,0.28,101.82
18685,30.50,-0.50,101.82
18697,30.02,-0.02,101.82
18709,29.19,0.81,101.82
18721,29.61,0.39,101.82
18733,29.56,0.44,101.82
18745,30.85,-0.85,101.42
18757,31.31,-1.31,101.42
18769,29.66,0.34,101.42
18781,29.65,0.35,101.42
18793,29.60,0.40,101.42
18805,31.30,-1.30,101.42
18817,30.00,-0.00,101.42
18829,30.00,-0.00,101.42
18841,29.58,0.42,101.42
18853,30.00,-0.00,101.74
18865,29.53,0.47,101.74
18877,30.84,-0.84,101.74
18889,30.36,-0.36,101.74
18901,32.44,-2.44,101.74
18913,29.46,0.54,101.74
18925,29.05,0.95,101.74
18937,29.88,0.12,101.74
18949,29.41,0.59,101.74
18961,30.24,-0.24,101.64
18973,29.77,0.23,101.64
18985,29.70,0.30,101.64
18997,28.81,1.19,101.64
19009,30.53,-0.53,101.64
19021,29.17,0.83,101.64
19033,29.53,0.47,101.64
19045,28.64,1.36,101.64
19057,29.46,0.54,101.64
19069,27.66,2.34,102.74
19081,27.66,2.34,102.74
19093,27.66,2.34,102.74
19105,27.66,2.34,102.74
19117,27.66,2.34,102.74
19129,27.66,2.34,102.74
19141,30.02,-0.02,102.74
19153,31.31,-1.31,102.74
19165,28.69,1.31,102.74
19177,29.94,0.06,101.88
19189,29.05,0.95,101.88
19201,28.64,1.36,101.88
19213,29.05,0.95,101.88
19225,29.48,0.52,101.88
19237,29.48,0.52,101.88
19249,29.48,0.52,101.88
19261,29.48,0.52,101.88
19273,29.48,0.52,101.88
19285,29.48,0.52,102.08
19297,29.48,0.52,102.08
19309,37.25,-7.25,102.08
19321,28.71,1.29,102.08
19333,27.86,2.14,102.08
19345,28.29,1.71,102.08
19357,28.69,1.31,102.08
19369,28.29,1.71,102.08
19381,30.41,-0.41,102.08
19393,29.17,0.83,102.23
19405,29.17,0.83,102.23
19417,28.41,1.59,102.23
19429,28.81,1.19,102.23
19441,28.41,1.59,102.23
19453,29.29,0.71,102.23
19465,30.60,-0.60,102.23
19477,38.37,-8.37,102.23
19489,38.37,-8.37,102.23
19501,38.37,-8.37,98.31
19513,38.37,-8.37,98.31
19525,38.37,-8.37,98.31
19537,38.37,-8.37,98.31
19549,29.05,0.95,98.31
19561,29.05,0.95,98.31
19573,32.08,-2.08,98.31
19585,30.82,-0.82,98.31
19597,29.58,0.42,98.31
19609,28.69,1.31,102.07
19621,29.14,0.86,102.07
19633,30.84,-0.84,102.07
19645,29.07,0.93,102.07
19657,29.07,0.93,102.07
19669,29.97,0.03,102.07
19681,29.07,0.93,102.07
19693,30.38,-0.38,102.07
19705,30.38,-0.38,102.07
19717,30.38,-0.38,101.41
19729,30.38,-0.38,101.41
19741,30.38,-0.38,101.41
19753,30.38,-0.38,101.41
19765,38.15,-8.15,101.41
19777,29.95,0.05,101.41
19789,29.09,0.91,101.41
19801,29.54,0.46,101.41
19813,31.21,-1.21,101.41
19825,28.64,1.36,102.14
19837,30.36,-0.36,102.14
19849,29.58,0.42,102.14
19861,29.12,0.88,102.14
19873,29.10,0.90,102.14
19885,29.05,0.95,102.14
19897,26.96,3.04,102.14
19909,26.96,3.04,102.14
19921,26.96,3.04,102.14
19933,26.96,3.04,102.93
19945,26.96,3.04,102.93
19957,26.96,3.04,102.93
19969,29.12,0.88,102.93
19981,29.53,0.47,102.93
19993,31.21,-1.21,102.93
20005,31.21,-1.21,102.93
20017,31.21,-1.21,102.93
20029,31.21,-1.21,102.93
20041,31.21,-1.21,101.25
20053,31.21,-1.21,101.25
20065,38.98,-8.98,101.25
20077,30.41,-0.41,101.25
20089,29.17,0.83,101.25
20101,29.12,0.88,101.25
20113,31.31,-1.31,101.25
20125,29.17,0.83,101.25
20137,29.60,0.40,101.25
20149,29.58,0.42,101.89
20161,29.58,0.42,101.89
20173,30.82,-0.82,101.89
20185,30.00,-0.00,101.89
20197,28.71,1.29,101.89
20209,30.00,-0.00,101.89
20221,29.53,0.47,101.89
20233,29.53,0.47,101.89
20245,29.95,0.05,101.89
20257,29.05,0.95,102.14
20269,29.53,0.47,102.14
20281,30.77,-0.77,102.14
20293,29.88,0.12,102.14
20305,29.00,1.00,102.14
20317,29.43,0.57,102.14
20329,30.24,-0.24,102.14
20341,30.19,-0.19,102.14
20353,29.31,0.69,102.14
20365,29.72,0.28,101.90
20377,28.00,2.00,101.90
20389,30.89,-0.89,101.90
20401,28.34,1.66,101.90
20413,29.17,0.83,101.90
20425,30.00,-0.00,101.90
20437,28.29,1.71,101.90
20449,28.29,1.71,101.90
20461,29.10,0.90,101.90
20473,29.53,0.47,101.99
20485,28.64,1.36,101.99
20497,29.94,0.06,101.99
20509,28.64,1.36,101.99
20521,28.64,1.36,101.99
20533,31.21,-1.21,101.99
20545,29.07,0.93,101.99
20557,29.09,0.91,101.99
20569,27.76,2.24,101.99
20581,29.48,0.52,102.04
20593,30.29,-0.29,102.04
20605,29.83,0.17,102.04
20617,29.82,0.18,102.04
20629,29.82,0.18,102.04
20641,28.12,1.88,102.04
20653,28.52,1.48,102.04
20665,29.29,0.71,102.04
20677,28.88,1.12,102.04
20689,29.70,0.30,101.97
20701,29.70,0.30,101.97
20713,29.70,0.30,101.97
20725,29.70,0.30,101.97
20737,29.70,0.30,101.97
20749,29.70,0.30,101.97
20761,28.47,1.53,101.97
20773,31.08,-1.08,101.97
20785,28.52,1.48,101.97
20797,28.12,1.88,102.66
20809,28.12,1.88,102.66
20821,28.93,1.07,102.66
20833,30.65,-0.65,102.66
20845,29.36,0.64,102.66
20857,28.46,1.54,102.66
20869,28.05,1.95,102.66
20881,29.77,0.23,102.66
20893,28.88,1.12,102.66
20905,28.88,1.12,102.43
20917,29.34,0.66,102.43
20929,28.46,1.54,102.43
20941,28.05,1.95,102.43
20953,28.47,1.53,102.43
20965,29.77,0.23,102.43
20977,28.93,1.07,102.43
20989,29.36,0.64,102.43
21001,29.77,0.23,102.43
21013,28.12,1.88,102.81
21025,29.83,0.17,102.81
21037,28.59,1.41,102.81
21049,28.58,1.42,102.81
21061,30.72,-0.72,102.81
21073,29.88,0.12,102.81
21085,28.24,1.76,102.81
21097,29.48,0.52,102.81
21109,28.29,1.71,102.81
21121,28.29,1.71,102.83
21133,29.12,0.88,102.83
21145,30.36,-0.36,102.83
21157,29.12,0.88,102.83
21169,28.69,1.31,102.83
21181,28.69,1.31,102.83
21193,28.69,1.31,102.83
21205,28.69,1.31,102.83
21217,28.69,1.31,102.83
21229,28.69,1.31,102.74
21241,28.69,1.31,102.74
21253,29.24,0.76,102.74
21265,32.60,-2.60,102.74
21277,31.36,-1.36,102.74
21289,29.24,0.76,102.74
21301,29.70,0.30,102.74
21313,28.41,1.59,102.74
21325,29.29,0.71,102.74
21337,28.81,1.19,102.75
21349,28.47,1.53,102.75
21361,30.17,-0.17,102.75
21373,28.05,1.95,102.75
21385,29.36,0.64,102.75
21397,29.36,0.64,102.75
21409,30.26,-0.26,102.75
21421,29.49,0.51,102.75
21433,30.80,-0.80,102.75
21445,30.38,-0.38,102.14
21457,29.54,0.46,102.14
21469,30.45,-0.45,102.14
21481,29.12,0.88,102.14
21493,28.81,1.19,102.14
21505,32.25,-2.25,102.14
21517,29.72,0.28,102.14
21529,30.12,-0.12,102.14
21541,37.47,-7.47,102.14
21553,31.48,-1.48,101.64
21565,31.96,-1.96,101.64
21577,29.83,0.17,101.64
21589,32.49,-2.49,101.64
21601,29.53,0.47,101.64
21613,30.00,-0.00,101.64
21625,32.60,-2.60,101.64
21637,30.46,-0.46,101.64
21649,30.48,-0.48,101.64
21661,29.65,0.35,102.36
21673,30.96,-0.96,102.36
21685,31.36,-1.36,102.36
21697,30.53,-0.53,102.36
21709,30.06,-0.06,102.36
21721,30.06,-0.06,102.36
21733,29.24,0.76,102.36
21745,29.65,0.35,102.36
21757,29.65,0.35,102.36
21769,31.77,-1.77,101.46
21781,39.54,-9.54,101.46
21793,31.36,-1.36,101.46
21805,30.50,-0.50,101.46
21817,29.61,0.39,101.46
21829,30.96,-0.96,101.46
21841,30.09,-0.09,101.46
21853,29.68,0.32,101.46
21865,31.38,-1.38,101.46
21877,30.09,-0.09,102.10
21889,31.33,-1.33,102.10
21901,32.16,-2.16,102.10
21913,31.69,-1.69,102.10
21925,29.14,0.86,102.10
21937,29.95,0.05,102.10
21949,29.54,0.46,102.10
21961,30.41,-0.41,102.10
21973,29.53,0.47,102.10
21985,29.10,0.90,102.52
21997,31.67,-1.67,102.52
22009,31.65,-1.65,102.52
22021,29.10,0.90,102.52
22033,30.00,-0.00,102.52
22045,30.84,-0.84,102.52
22057,29.12,0.88,102.52
22069,30.41,-0.41,102.52
22081,30.43,-0.43,102.52
22093,29.14,0.86,102.55
22105,29.60,0.40,102.55
22117,28.76,1.24,102.55
22129,30.07,-0.07,102.55
22141,30.48,-0.48,102.55
22153,30.96,-0.96,102.55
22165,29.72,0.28,102.55
22177,29.29,0.71,102.55
22189,30.19,-0.19,102.55
22201,30.60,-0.60,101.96
22213,31.84,-1.84,101.96
22225,29.77,0.23,101.96
22237,28.95,1.05,101.96
22249,29.41,0.59,101.96
22261,30.65,-0.65,101.96
22273,31.96,-1.96,101.96
22285,31.13,-1.13,101.96
22297,29.85,0.15,101.96
22309,29.85,0.15,102.26
22321,30.31,-0.31,102.26
22333,31.53,-1.53,102.26
22345,39.73,-9.73,102.26
22357,30.24,-0.24,102.26
22369,31.53,-1.53,102.26
22381,32.84,-2.84,102.26
22393,30.24,-0.24,102.26
22405,30.72,-0.72,102.26
22417,29.41,0.59,102.45
22429,31.13,-1.13,102.45
22441,31.13,-1.13,102.45
22453,30.72,-0.72,102.45
22465,32.01,-2.01,102.45
22477,30.31,-0.31,102.45
22489,39.37,-9.37,102.45
22501,30.29,-0.29,102.45
22513,29.46,0.54,102.45
22525,31.65,-1.65,101.52
22537,31.65,-1.65,101.52
22549,30.38,-0.38,101.52
22561,29.95,0.05,101.52
22573,29.54,0.46,101.52
22585,32.50,-2.50,101.52
22597,32.50,-2.50,101.52
22609,32.50,-2.50,101.52
22621,32.50,-2.50,101.52
22633,32.50,-2.50,101.07
22645,32.50,-2.50,101.07
22657,40.27,-10.27,101.07
22669,30.36,-0.36,101.07
22681,32.49,-2.49,101.07
22693,30.36,-0.36,101.07
22705,30.70,-0.70,101.07
22717,29.90,0.10,101.07
22729,30.26,-0.26,101.07
22741,30.67,-0.67,101.74
22753,29.37,0.62,101.74
22765,30.19,-0.19,101.74
22777,30.55,-0.55,101.74
22789,29.19,0.81,101.74
22801,29.54,0.46,101.74
22813,29.14,0.86,101.74
22825,29.90,0.10,101.74
22837,29.90,0.10,101.74
22849,29.90,0.10,102.03
22861,29.90,0.10,102.03
22873,29.90,0.10,102.03
22885,29.90,0.10,102.03
22897,29.90,0.10,102.03
22909,29.65,0.35,102.03
22921,28.34,1.66,102.03
22933,29.54,0.46,102.03
22945,29.94,0.06,102.03
22957,29.83,0.17,102.07
22969,28.95,1.05,102.07
22981,28.52,1.48,102.07
22993,29.36,0.64,102.07
23005,28.93,1.07,102.07
23017,28.46,1.54,102.07
23029,30.11,-0.11,102.07
23041,29.24,0.76,102.07
23053,29.29,0.71,102.07
23065,28.88,1.12,102.49
23077,29.77,0.23,102.49
23089,28.93,1.07,102.49
23101,28.93,1.07,102.49
23113,30.24,-0.24,102.49
23125,28.95,1.05,102.49
23137,29.83,0.17,102.49
23149,29.83,0.17,102.49
23161,29.02,0.98,102.49
23173,30.33,-0.33,101.92
23185,29.09,0.91,101.92
23197,30.38,-0.38,101.92
23209,29.54,0.46,101.92
23221,30.02,-0.02,101.92
23233,30.90,-0.90,101.92
23245,31.89,-1.89,101.92
23257,29.66,0.34,101.92
23269,30.12,-0.12,101.92
23281,28.88,1.12,102.52
23293,31.48,-1.48,102.52
23305,29.34,0.66,102.52
23317,29.29,0.71,102.52
23329,28.93,1.07,102.52
23341,29.36,0.64,102.52
23353,29.36,0.64,102.52
23365,28.93,1.07,102.52
23377,28.93,1.07,102.52
23389,29.77,0.23,102.20
23401,30.17,-0.17,102.20
23413,29.36,0.64,102.20
23425,30.19,-0.19,102.20
23437,29.36,0.64,102.20
23449,29.36,0.64,102.20
23461,29.36,0.64,102.20
23473,28.54,1.46,102.20
23485,28.95,1.05,102.20
23497,29.43,0.57,102.36
23509,28.95,1.05,102.36
23521,30.26,-0.26,102.36
23533,29.43,0.57,102.36
23545,29.83,0.17,102.36
23557,29.02,0.98,102.36
23569,29.02,0.98,102.36
23581,29.92,0.08,102.36
23593,30.80,-0.80,102.36
23605,30.80,-0.80,101.79
23617,30.80,-0.80,101.79
23629,29.12,0.88,101.79
23641,38.61,-8.61,101.79
23653,29.19,0.81,101.79
23665,30.07,-0.07,101.79
23677,29.24,0.76,101.79
23689,29.29,0.71,101.79
23701,29.31,0.69,101.79
23713,29.26,0.74,102.42
23725,30.14,-0.14,102.42
23737,30.14,-0.14,102.42
23749,30.14,-0.14,102.42
23761,29.26,0.74,102.42
23773,30.97,-0.97,102.42
23785,30.96,-0.96,102.42
23797,29.24,0.76,102.42
23809,29.66,0.34,102.42
23821,28.81,1.19,102.65
23833,29.26,0.74,102.65
23845,37.45,-7.45,102.65
23857,37.45,-7.45,102.65
23869,37.45,-7.45,102.65
23881,37.45,-7.45,102.65
23893,37.45,-7.45,102.65
23905,37.45,-7.45,102.65
23917,37.45,-7.45,102.65
23929,30.21,-0.21,102.10
23941,30.67,-0.67,102.10
23953,29.83,0.17,102.10
23965,31.55,-1.55,102.10
23977,31.60,-1.60,102.10
23989,31.60,-1.60,102.10
24001,31.60,-1.60,102.10
24013,31.60,-1.60,102.10
24025,31.60,-1.60,102.10
24037,31.60,-1.60,101.49
24049,39.37,-9.37,101.49
24061,30.48,-0.48,101.49
24073,31.36,-1.36,101.49
24085,31.42,-1.42,101.49
24097,31.42,-1.42,101.49
24109,31.01,-1.01,101.49
24121,30.17,-0.17,101.49
24133,30.17,-0.17,101.49
24145,30.67,-0.67,101.82
24157,30.65,-0.65,101.82
24169,29.82,0.18,101.82
24181,30.72,-0.72,101.82
24193,31.53,-1.53,101.82
24205,31.55,-1.55,101.82
24217,30.67,-0.67,101.82
24229,30.24,-0.24,101.82
24241,30.67,-0.67,101.82
24253,31.96,-1.96,101.23
24265,31.96,-1.96,101.23
24277,31.96,-1.96,101.23
24289,31.96,-1.96,101.23
24301,31.96,-1.96,101.23
24313,31.96,-1.96,101.23
24325,30.96,-0.96,101.23
24337,30.48,-0.48,101.23
24349,30.00,-0.00,101.23
24361,33.39,-3.39,100.52
24373,29.95,0.05,100.52
24385,29.88,0.12,100.52
24397,29.83,0.17,100.52
24409,30.19,-0.19,100.52
24421,29.70,0.30,100.52
24433,30.06,-0.06,100.52
24445,30.02,-0.02,100.52
24457,30.43,-0.43,100.52
24469,30.29,-0.29,101.68
24481,28.93,1.07,101.68
24493,30.55,-0.55,101.68
24505,29.65,0.35,101.68
24517,29.19,0.81,101.68
24529,29.53,0.47,101.68
24541,28.59,1.41,101.68
24553,31.89,-1.89,101.68
24565,28.42,1.58,101.68
24577,29.26,0.74,102.11
24589,28.37,1.63,102.11
24601,28.24,1.76,102.11
24613,28.61,1.39,102.11
24625,27.62,2.38,102.11
24637,28.49,1.51,102.11
24649,28.83,1.17,102.11
24661,27.47,2.53,102.11
24673,27.90,2.10,102.11
24685,29.07,0.93,102.23
24697,27.71,2.29,102.23
24709,28.52,1.48,102.23
24721,28.12,1.88,102.23
24733,27.64,2.36,102.23
24745,27.62,2.38,102.23
24757,27.57,2.43,102.23
24769,27.59,2.41,102.23
24781,27.59,2.41,102.23
24793,30.17,-0.17,101.80
24805,29.34,0.66,101.80
24817,27.64,2.36,101.80
24829,27.64,2.36,101.80
24841,28.07,1.93,101.80
24853,28.52,1.48,101.80
24865,28.93,1.07,101.80
24877,27.71,2.29,101.80
24889,28.59,1.41,101.80
24901,29.48,0.52,102.09
24913,28.17,1.83,102.09
24925,29.88,0.12,102.09
24937,28.24,1.76,102.09
24949,29.95,0.05,102.09
24961,29.95,0.05,102.09
24973,29.53,0.47,102.09
24985,28.24,1.76,102.09
24997,28.29,1.71,102.09
25009,29.53,0.47,102.10
25021,28.64,1.36,102.10
25033,28.64,1.36,102.10
25045,28.64,1.36,102.10
25057,28.64,1.36,102.10
25069,28.64,1.36,102.10
25081,28.64,1.36,102.10
25093,30.90,-0.90,102.10
25105,30.07,-0.07,102.10
25117,28.35,1.65,102.63
25129,28.42,1.58,102.63
25141,28.90,1.10,102.63
25153,28.07,1.93,102.63
25165,29.78,0.22,102.63
25177,28.13,1.87,102.63
25189,29.43,0.57,102.63
25201,29.43,0.57,102.63
25213,29.43,0.57,102.63
25225,29.43,0.57,102.24
25237,29.43,0.57,102.24
25249,29.43,0.57,102.24
25261,29.24,0.76,102.24
25273,28.81,1.19,102.24
25285,27.98,2.02,102.24
25297,30.12,-0.12,102.24
25309,30.17,-0.17,102.24
25321,30.65,-0.65,102.24
25333,28.12,1.88,102.84
25345,28.52,1.48,102.84
25357,30.72,-0.72,102.84
25369,29.46,0.54,102.84
25381,29.53,0.47,102.84
25393,29.53,0.47,102.84
25405,31.72,-1.72,102.84
25417,31.72,-1.72,102.84
25429,31.72,-1.72,102.84
25441,31.72,-1.72,101.38
25453,31.72,-1.72,101.38
25465,31.72,-1.72,101.38
25477,28.52,1.48,101.38
25489,29.82,0.18,101.38
25501,29.41,0.59,101.38
25513,30.29,-0.29,101.38
25525,28.64,1.36,101.38
25537,28.69,1.31,101.38
25549,30.36,-0.36,101.88
25561,30.36,-0.36,101.88
25573,31.24,-1.24,101.88
25585,29.53,0.47,101.88
25597,30.41,-0.41,101.88
25609,30.36,-0.36,101.88
25621,31.24,-1.24,101.88
25633,31.24,-1.24,101.88
25645,31.24,-1.24,101.88
25657,31.24,-1.24,101.48
25669,31.24,-1.24,101.48
25681,31.24,-1.24,101.48
25693,28.93,1.07,101.48
25705,29.29,0.71,101.48
25717,28.41,1.59,101.48
25729,29.20,0.80,101.48
25741,29.53,0.47,101.48
25753,29.00,1.00,101.48
25765,29.83,0.17,102.03
25777,30.24,-0.24,102.03
25789,29.24,0.76,102.03
25801,28.34,1.66,102.03
25813,30.84,-0.84,102.03
25825,29.53,0.47,102.03
25837,28.59,1.41,102.03
25849,29.00,1.00,102.03
25861,28.52,1.48,102.03
25873,29.31,0.69,102.26
25885,28.83,1.17,102.26
25897,27.93,2.07,102.26
25909,29.60,0.40,102.26
25921,27.86,2.14,102.26
25933,28.29,1.71,102.26
25945,28.29,1.71,102.26
25957,29.53,0.47,102.26
25969,28.29,1.71,102.26
25981,28.29,1.71,102.73
25993,27.90,2.10,102.73
26005,28.73,1.27,102.73
26017,30.85,-0.85,102.73
26029,30.85,-0.85,102.73
26041,30.85,-0.85,102.73
26053,30.85,-0.85,102.73
26065,30.85,-0.85,102.73
26077,30.85,-0.85,102.73
26089,28.17,1.83,102.87
26101,29.05,0.95,102.87
26113,28.71,1.29,102.87
26125,28.81,1.19,102.87
26137,28.83,1.17,102.87
26149,30.12,-0.12,102.87
26161,31.43,-1.43,102.87
26173,30.67,-0.67,102.87
26185,29.43,0.57,102.87
26197,29.54,0.46,102.37
26209,30.92,-0.92,102.37
26221,30.56,-0.56,102.37
26233,29.37,0.62,102.37
26245,29.85,0.15,102.37
26257,29.90,0.10,102.37
26269,32.10,-2.10,102.37
26281,31.33,-1.33,102.37
26293,39.10,-9.10,102.37
26305,29.43,0.57,102.44
26317,30.31,-0.31,102.44
26329,29.49,0.51,102.44
26341,30.84,-0.84,102.44
26353,30.56,-0.56,102.44
26365,30.14,-0.14,102.44
26377,31.50,-1.50,102.44
26389,30.33,-0.33,102.44
26401,30.79,-0.79,102.44
26413,30.38,-0.38,102.06
26425,30.85,-0.85,102.06
26437,30.48,-0.48,102.06
26449,30.53,-0.53,102.06
26461,29.77,0.23,102.06
26473,29.77,0.23,102.06
26485,31.08,-1.08,102.06
26497,30.24,-0.24,102.06
26509,30.65,-0.65,102.06
26521,30.31,-0.31,102.07
26533,30.72,-0.72,102.07
26545,31.18,-1.18,102.07
26557,30.36,-0.36,102.07
26569,30.36,-0.36,102.07
26581,32.08,-2.08,102.07
26593,30.77,-0.77,102.07
26605,30.84,-0.84,102.07
26617,30.41,-0.41,102.07
26629,31.31,-1.31,101.62
26641,31.72,-1.72,101.62
26653,33.03,-3.03,101.62
26665,30.89,-0.89,101.62
26677,31.77,-1.77,101.62
26689,30.96,-0.96,101.62
26701,30.53,-0.53,101.62
26713,32.67,-2.67,101.62
26725,32.66,-2.66,101.62
26737,30.94,-0.94,101.72
26749,32.25,-2.25,101.72
26761,30.96,-0.96,101.72
26773,30.48,-0.48,101.72
26785,30.89,-0.89,101.72
26797,31.72,-1.72,101.72
26809,30.84,-0.84,101.72
26821,31.65,-1.65,101.72
26833,32.49,-2.49,101.72
26845,30.67,-0.67,101.79
26857,30.65,-0.65,101.79
26869,38.42,-8.42,101.79
26881,30.60,-0.60,101.79
26893,33.15,-3.15,101.79
26905,30.89,-0.89,101.79
26917,31.36,-1.36,101.79
26929,30.00,-0.00,101.79
26941,31.60,-1.60,101.79
26953,29.83,0.17,102.12
26965,31.02,-1.02,102.12
26977,32.21,-2.21,102.12
26989,31.74,-1.74,102.12
27001,29.95,0.05,102.12
27013,29.46,0.54,102.12
27025,30.72,-0.72,102.12
27037,32.30,-2.30,102.12
27049,39.61,-9.61,102.12
27061,30.06,-0.06,102.03
27073,30.41,-0.41,102.03
27085,29.94,0.06,102.03
27097,29.94,0.06,102.03
27109,29.53,0.47,102.03
27121,29.94,0.06,102.03
27133,31.18,-1.18,102.03
27145,30.70,-0.70,102.03
27157,31.53,-1.53,102.03
27169,29.00,1.00,102.48
27181,29.90,0.10,102.48
27193,31.19,-1.19,102.48
27205,29.90,0.10,102.48
27217,30.74,-0.74,102.48
27229,29.07,0.93,102.48
27241,29.12,0.88,102.48
27253,29.17,0.83,102.48
27265,29.60,0.40,102.48
27277,30.07,-0.07,102.07
27289,30.53,-0.53,102.07
27301,30.12,-0.12,102.07
27313,30.58,-0.58,102.07
27325,31.48,-1.48,102.07
27337,29.77,0.23,102.07
27349,30.65,-0.65,102.07
27361,29.82,0.18,102.07
27373,31.13,-1.13,102.07
27385,29.88,0.12,102.14
27397,29.46,0.54,102.14
27409,30.77,-0.77,102.14
27421,30.77,-0.77,102.14
27433,31.67,-1.67,102.14
27445,29.53,0.47,102.14
27457,30.41,-0.41,102.14
27469,31.72,-1.72,102.14
27481,30.48,-0.48,102.14
27493,30.06,-0.06,102.08
27505,30.53,-0.53,102.08
27517,30.17,-0.17,102.08
27529,30.60,-0.60,102.08
27541,32.30,-2.30,102.08
27553,32.30,-2.30,102.08
27565,32.30,-2.30,102.08
27577,32.30,-2.30,102.08
27589,32.30,-2.30,102.08
27601,32.30,-2.30,101.11
27613,40.07,-10.07,101.11
27625,30.77,-0.77,101.11
27637,29.88,0.12,101.11
27649,30.36,-0.36,101.11
27661,30.36,-0.36,101.11
27673,32.49,-2.49,101.11
27685,29.94,0.06,101.11
27697,31.24,-1.24,101.11
27709,31.24,-1.24,101.45
27721,32.06,-2.06,101.45
27733,32.06,-2.06,101.45
27745,32.06,-2.06,101.45
27757,32.06,-2.06,101.45
27769,32.06,-2.06,101.45
27781,32.06,-2.06,101.45
27793,39.83,-9.83,101.45
27805,30.26,-0.26,101.45
27817,30.26,-0.26,101.81
27829,31.50,-1.50,101.81
27841,30.62,-0.62,101.81
27853,29.31,0.69,101.81
27865,30.97,-0.97,101.81
27877,30.90,-0.90,101.81
27889,31.31,-1.31,101.81
27901,29.53,0.47,101.81
27913,29.88,0.12,101.81
27925,29.77,0.23,102.01
27937,30.24,-0.24,102.01
27949,31.01,-1.01,102.01
27961,31.84,-1.84,102.01
27973,39.61,-9.61,102.01
27985,39.61,-9.61,102.01
27997,39.61,-9.61,102.01
28009,39.61,-9.61,102.01
28021,39.61,-9.61,102.01
28033,39.61,-9.61,97.78
28045,29.70,0.30,97.78
28057,30.60,-0.60,97.78
28069,29.24,0.76,97.78
28081,28.85,1.15,97.78
28093,30.55,-0.55,97.78
28105,30.12,-0.12,97.78
28117,29.29,0.71,97.78
28129,31.01,-1.01,97.78
28141,29.70,0.30,101.58
28153,29.29,0.71,101.58
28165,29.29,0.71,101.58
28177,29.29,0.71,101.58
28189,29.29,0.71,101.58
28201,29.29,0.71,101.58
28213,29.29,0.71,101.58
28225,29.58,0.42,101.58
28237,30.00,-0.00,101.58
28249,29.53,0.47,101.67
28261,29.53,0.47,101.67
28273,29.94,0.06,101.67
28285,29.94,0.06,101.67
28297,29.94,0.06,101.67
28309,29.94,0.06,101.67
28321,29.94,0.06,101.67
28333,29.94,0.06,101.67
28345,37.71,-7.71,101.67
28357,28.88,1.12,101.97
28369,29.65,0.35,101.97
28381,30.07,-0.07,101.97
28393,29.17,0.83,101.97
28405,28.29,1.71,101.97
28417,29.53,0.47,101.97
28429,29.05,0.95,101.97
28441,29.00,1.00,101.97
28453,30.24,-0.24,101.97
28465,28.93,1.07,102.00
28477,28.05,1.95,102.00
28489,27.98,2.02,102.00
28501,29.24,0.76,102.00
28513,30.90,-0.90,102.00
28525,28.30,1.70,102.00
28537,28.29,1.71,102.00
28549,29.12,0.88,102.00
28561,28.64,1.36,102.00
28573,29.48,0.52,101.82
28585,28.58,1.42,101.82
28597,29.00,1.00,101.82
28609,28.12,1.88,101.82
28621,29.82,0.18,101.82
28633,29.00,1.00,101.82
28645,27.76,2.24,101.82
28657,28.64,1.36,101.82
28669,28.17,1.83,101.82
28681,28.17,1.83,102.41
28693,27.76,2.24,102.41
28705,30.70,-0.70,102.41
28717,29.48,0.52,102.41
28729,29.48,0.52,102.41
28741,28.64,1.36,102.41
28753,27.83,2.17,102.41
28765,28.24,1.76,102.41
28777,27.81,2.19,102.41
28789,29.05,0.95,102.12
28801,28.64,1.36,102.12
28813,28.17,1.83,102.12
28825,29.05,0.95,102.12
28837,31.18,-1.18,102.12
28849,31.18,-1.18,102.12
28861,31.18,-1.18,102.12
28873,31.18,-1.18,102.12
28885,31.18,-1.18,102.12
28897,31.18,-1.18,101.25
28909,27.76,2.24,101.25
28921,29.05,0.95,101.25
28933,27.81,2.19,101.25
28945,28.24,1.76,101.25
28957,27.40,2.60,101.25
28969,28.71,1.29,101.25
28981,27.81,2.19,101.25
28993,27.85,2.15,101.25
29005,27.45,2.55,102.80
29017,28.29,1.71,102.80
29029,30.00,-0.00,102.80
29041,29.10,0.90,102.80
29053,29.19,0.81,102.80
29065,30.36,-0.36,102.80
29077,38.88,-8.88,102.80
29089,36.07,-6.07,102.80
29101,27.40,2.60,102.80
29113,29.12,0.88,102.20
29125,30.00,-0.00,102.20
29137,28.76,1.24,102.20
29149,30.43,-0.43,102.20
29161,30.43,-0.43,102.20
29173,30.43,-0.43,102.20
29185,30.43,-0.43,102.20
29197,30.43,-0.43,102.20
29209,30.43,-0.43,102.20
29221,30.43,-0.43,101.68
29233,28.76,1.24,101.68
29245,28.76,1.24,101.68
29257,29.24,0.76,101.68
29269,36.60,-6.60,101.68
29281,29.72,0.28,101.68
29293,30.12,-0.12,101.68
29305,28.88,1.12,101.68
29317,28.88,1.12,101.68
29329,28.47,1.53,102.51
29341,27.57,2.43,102.51
29353,27.57,2.43,102.51
29365,27.52,2.48,102.51
29377,31.36,-1.36,102.51
29389,28.41,1.59,102.51
29401,30.56,-0.56,102.51
29413,30.56,-0.56,102.51
29425,30.56,-0.56,102.51
29437,30.56,-0.56,101.68
29449,30.56,-0.56,101.68
29461,30.56,-0.56,101.68
29473,38.33,-8.33,101.68
29485,29.53,0.47,101.68
29497,28.29,1.71,101.68
29509,28.69,1.31,101.68
29521,28.69,1.31,101.68
29533,28.69,1.31,101.68
29545,28.69,1.31,102.46
29557,28.69,1.31,102.46
29569,28.69,1.31,102.46
29581,27.33,2.67,102.46
29593,28.97,1.03,102.46
29605,28.64,1.36,102.46
29617,28.59,1.41,102.46
29629,28.59,1.41,102.46
29641,28.59,1.41,102.46
29653,28.59,1.41,102.57
29665,28.59,1.41,102.57
29677,28.59,1.41,102.57
29689,36.36,-6.36,102.57
29701,28.59,1.41,102.57
29713,28.59,1.41,102.57
29725,28.59,1.41,102.57
29737,28.59,1.41,102.57
29749,28.59,1.41,102.57
29761,28.59,1.41,102.63
29773,36.36,-6.36,102.63
29785,30.48,-0.48,102.63
29797,30.48,-0.48,102.63
29809,30.48,-0.48,102.63
29821,30.48,-0.48,102.63
29833,30.48,-0.48,102.63
29845,30.48,-0.48,102.63
29857,38.25,-8.25,102.63
29869,29.65,0.35,102.25
29881,27.93,2.07,102.25
29893,28.81,1.19,102.25
29905,28.88,1.12,102.25
29917,28.47,1.53,102.25
29929,28.88,1.12,102.25
29941,28.41,1.59,102.25
29953,28.81,1.19,102.25
29965,27.98,2.02,102.25
29977,28.81,1.19,102.63
29989,28.41,1.59,102.63
30001,28.88,1.12,102.63
30013,29.29,0.71,102.63
30025,28.00,2.00,102.63
30037,28.88,1.12,102.63
30049,28.05,1.95,102.63
30061,28.46,1.54,102.63
30073,28.86,1.14,102.63
30085,28.47,1.53,102.83
30097,28.93,1.07,102.83
30109,28.05,1.95,102.83
30121,31.08,-1.08,102.83
30133,30.60,-0.60,102.83
30145,30.19,-0.19,102.83
30157,28.05,1.95,102.83
30169,28.93,1.07,102.83
30181,28.95,1.05,102.83
30193,28.95,1.05,102.70
30205,28.95,1.05,102.70
30217,28.95,1.05,102.70
30229,28.95,1.05,102.70
30241,28.95,1.05,102.70
30253,28.64,1.36,102.70
30265,29.95,0.05,102.70
30277,28.64,1.36,102.70
30289,29.54,0.46,102.70
30301,28.71,1.29,102.85
30313,28.34,1.66,102.85
30325,28.35,1.65,102.85
30337,37.01,-7.01,102.85
30349,29.66,0.34,102.85
30361,28.34,1.66,102.85
30373,30.48,-0.48,102.85
30385,30.53,-0.53,102.85
30397,29.73,0.27,102.85
30409,28.90,1.10,102.84
30421,31.09,-1.09,102.84
30433,28.97,1.03,102.84
30445,28.56,1.44,102.84
30457,28.56,1.44,102.84
30469,28.56,1.44,102.84
30481,28.56,1.44,102.84
30493,28.56,1.44,102.84
30505,28.56,1.44,102.84
30517,29.60,0.40,102.59
30529,29.17,0.83,102.59
30541,30.48,-0.48,102.59
30553,30.06,-0.06,102.59
30565,29.65,0.35,102.59
30577,31.36,-1.36,102.59
30589,30.99,-0.99,102.59
30601,28.86,1.14,102.59
30613,31.01,-1.01,102.59
30625,29.77,0.23,102.54
30637,28.93,1.07,102.54
30649,30.24,-0.24,102.54
30661,29.83,0.17,102.54
30673,29.00,1.00,102.54
30685,30.36,-0.36,102.54
30697,30.84,-0.84,102.54
30709,29.94,0.06,102.54
30721,29.94,0.06,102.54
30733,29.95,0.05,102.47
30745,29.53,0.47,102.47
30757,30.07,-0.07,102.47
30769,29.19,0.81,102.47
30781,30.48,-0.48,102.47
30793,30.48,-0.48,102.47
30805,38.73,-8.73,102.47
30817,30.58,-0.58,102.47
30829,29.36,0.64,102.47
30841,30.19,-0.19,102.37
30853,30.19,-0.19,102.37
30865,31.01,-1.01,102.37
30877,31.01,-1.01,102.37
30889,31.01,-1.01,102.37
30901,31.01,-1.01,102.37
30913,31.01,-1.01,102.37
30925,31.01,-1.01,102.37
30937,38.78,-8.78,102.37
30949,29.88,0.12,102.49
30961,30.36,-0.36,102.49
30973,29.88,0.12,102.49
30985,30.36,-0.36,102.49
30997,29.53,0.47,102.49
31009,31.24,-1.24,102.49
31021,29.53,0.47,102.49
31033,31.55,-1.55,102.49
31045,29.88,0.12,102.49
31057,29.53,0.47,102.65
31069,30.77,-0.77,102.65
31081,31.60,-1.60,102.65
31093,32.01,-2.01,102.65
31105,32.03,-2.03,102.65
31117,29.46,0.54,102.65
31129,29.94,0.06,102.65
31141,29.95,0.05,102.65
31153,30.77,-0.77,102.65
31165,30.36,-0.36,102.32
31177,29.53,0.47,102.32
31189,30.36,-0.36,102.32
31201,30.79,-0.79,102.32
31213,29.53,0.47,102.32
31225,29.53,0.47,102.32
31237,30.36,-0.36,102.32
31249,32.50,-2.50,102.32
31261,29.94,0.06,102.32
31273,31.30,-1.30,101.89
31285,30.41,-0.41,101.89
31297,30.43,-0.43,101.89
31309,30.41,-0.41,101.89
31321,33.01,-3.01,101.89
31333,30.89,-0.89,101.89
31345,30.48,-0.48,101.89
31357,30.06,-0.06,101.89
31369,30.09,-0.09,101.89
31381,30.50,-0.50,102.17
31393,29.61,0.39,102.17
31405,29.97,0.03,102.17
31417,33.05,-3.05,102.17
31429,33.05,-3.05,102.17
31441,33.05,-3.05,102.17
31453,33.05,-3.05,102.17
31465,33.05,-3.05,102.17
31477,33.05,-3.05,102.17
31489,40.82,-10.82,97.70
31501,32.08,-2.08,97.70
31513,32.08,-2.08,97.70
31525,32.08,-2.08,97.70
31537,32.08,-2.08,97.70
31549,32.08,-2.08,97.70
31561,32.08,-2.08,97.70
31573,39.85,-9.85,97.70
31585,39.85,-9.85,97.70
31597,39.85,-9.85,97.59
31609,39.85,-9.85,97.59
31621,39.85,-9.85,97.59
31633,39.85,-9.85,97.59
31645,29.88,0.12,97.59
31657,29.83,0.17,97.59
31669,31.48,-1.48,97.59
31681,30.60,-0.60,97.59
31693,30.12,-0.12,97.59
31705,29.61,0.39,101.51
31717,29.56,0.44,101.51
31729,29.92,0.08,101.51
31741,29.37,0.62,101.51
31753,28.90,1.10,101.51
31765,30.09,-0.09,101.51
31777,30.02,-0.02,101.51
31789,31.26,-1.26,101.51
31801,28.59,1.41,101.51
31813,28.93,1.07,101.83
31825,28.47,1.53,101.83
31837,28.41,1.59,101.83
31849,29.17,0.83,101.83
31861,29.94,0.06,101.83
31873,29.48,0.52,101.83
31885,28.52,1.48,101.83
31897,28.47,1.53,101.83
31909,36.24,-6.24,101.83
31921,29.12,0.88,101.80
31933,28.24,1.76,101.80
31945,28.58,1.42,101.80
31957,29.77,0.23,101.80
31969,31.01,-1.01,101.80
31981,28.41,1.59,101.80
31993,27.52,2.48,101.80
32005,28.35,1.65,101.80
32017,30.00,-0.00,101.80
32029,37.77,-7.77,98.11
32041,37.77,-7.77,98.11
32053,37.77,-7.77,98.11
32065,37.77,-7.77,98.11
32077,37.77,-7.77,98.11
32089,37.77,-7.77,98.11
32101,37.77,-7.77,98.11
32113,28.41,1.59,98.11
32125,27.05,2.95,98.11
32137,26.64,3.36,102.53
32149,34.41,-4.41,102.53
32161,34.41,-4.41,102.53
32173,34.41,-4.41,102.53
32185,34.41,-4.41,102.53
32197,34.41,-4.41,102.53
32209,34.41,-4.41,102.53
32221,28.64,1.36,102.53
32233,27.35,2.65,102.53
32245,28.64,1.36,101.83
32257,28.64,1.36,101.83
32269,28.64,1.36,101.83
32281,28.64,1.36,101.83
32293,28.64,1.36,101.83
32305,28.64,1.36,101.83
32317,29.12,0.88,101.83
32329,28.69,1.31,101.83
32341,36.48,-6.48,101.83
32353,38.18,-8.18,97.79
32365,28.35,1.65,97.79
32377,29.20,0.80,97.79
32389,29.20,0.80,97.79
32401,28.27,1.73,97.79
32413,28.27,1.73,97.79
32425,28.27,1.73,97.79
32437,28.27,1.73,97.79
32449,28.27,1.73,97.79
32461,28.27,1.73,101.66
32473,36.04,-6.04,101.66
32485,27.81,2.19,101.66
32497,28.59,1.41,101.66
32509,26.93,3.07,101.66
32521,29.88,0.12,101.66
32533,28.52,1.48,101.66
32545,27.66,2.34,101.66
32557,27.57,2.43,101.66
32569,28.00,2.00,101.86
32581,28.35,1.65,101.86
32593,26.64,3.36,101.86
32605,26.99,3.01,101.86
32617,26.52,3.48,101.86
32629,26.45,3.55,101.86
32641,28.93,1.07,101.86
32653,26.33,3.67,101.86
32665,26.30,3.70,101.86
32677,27.96,2.04,101.97
32689,29.20,0.80,101.97
32701,29.20,0.80,101.97
32713,29.20,0.80,101.97
32725,29.20,0.80,101.97
32737,29.20,0.80,101.97
32749,29.20,0.80,101.97
32761,28.05,1.95,101.97
32773,28.00,2.00,101.97
32785,28.00,2.00,102.06
32797,28.00,2.00,102.06
32809,28.00,2.00,102.06
32821,28.00,2.00,102.06
32833,28.00,2.00,102.06
32845,35.77,-5.77,102.06
32857,26.16,3.84,102.06
32869,26.16,3.84,102.06
32881,26.57,3.43,102.06
32893,26.99,3.01,102.59
32905,26.16,3.84,102.59
32917,26.16,3.84,102.59
32929,26.16,3.84,102.59
32941,26.16,3.84,102.59
32953,26.16,3.84,102.59
32965,26.16,3.84,102.59
32977,26.77,3.23,102.59
32989,26.42,3.58,102.59
33001,26.42,3.58,102.98
33013,26.54,3.46,102.98
33025,27.42,2.58,102.98
33037,27.85,2.15,102.98
33049,26.65,3.35,102.98
33061,27.54,2.46,102.98
33073,26.30,3.70,102.98
33085,27.64,2.36,102.98
33097,28.12,1.88,102.98
33109,29.00,1.00,102.05
33121,29.88,0.12,102.05
33133,29.88,0.12,102.05
33145,29.88,0.12,102.05
33157,29.88,0.12,102.05
33169,29.88,0.12,102.05
33181,29.88,0.12,102.05
33193,37.65,-7.65,102.05
33205,37.65,-7.65,102.05
33217,37.65,-7.65,98.37
33229,37.65,-7.65,98.37
33241,37.65,-7.65,98.37
33253,37.65,-7.65,98.37
33265,28.95,1.05,98.37
33277,27.69,2.31,98.37
33289,29.94,0.06,98.37
33301,29.14,0.86,98.37
33313,27.49,2.51,98.37
33325,27.13,2.87,102.53
33337,27.95,2.05,102.53
33349,28.85,1.15,102.53
33361,30.21,-0.21,102.53
33373,27.28,2.72,102.53
33385,29.00,1.00,102.53
33397,28.17,1.83,102.53
33409,28.59,1.41,102.53
33421,28.59,1.41,102.53
33433,28.59,1.41,102.04
33445,28.59,1.41,102.04
33457,28.59,1.41,102.04
33469,28.59,1.41,102.04
33481,36.36,-6.36,102.04
33493,29.48,0.52,102.04
33505,29.07,0.93,102.04
33517,29.07,0.93,102.04
33529,29.07,0.93,102.04
33541,29.07,0.93,101.90
33553,29.07,0.93,101.90
33565,29.07,0.93,101.90
33577,28.30,1.70,101.90
33589,28.76,1.24,101.90
33601,29.17,0.83,101.90
33613,28.29,1.71,101.90
33625,28.75,1.25,101.90
33637,29.17,0.83,101.90
33649,34.24,-4.24,99.72
33661,34.24,-4.24,99.72
33673,34.24,-4.24,99.72
33685,34.24,-4.24,99.72
33697,34.24,-4.24,99.72
33709,34.24,-4.24,99.72
33721,29.60,0.40,99.72
33733,29.60,0.40,99.72
33745,29.12,0.88,99.72
33757,27.81,2.19,102.28
33769,28.24,1.76,102.28
33781,28.22,1.78,102.28
33793,28.24,1.76,102.28
33805,29.07,0.93,102.28
33817,28.17,1.83,102.28
33829,29.00,1.00,102.28
33841,28.52,1.48,102.28
33853,28.52,1.48,102.28
33865,28.52,1.48,102.08
33877,28.52,1.48,102.08
33889,28.52,1.48,102.08
33901,28.52,1.48,102.08
33913,28.59,1.41,102.08
33925,29.41,0.59,102.08
33937,29.41,0.59,102.08
33949,29.46,0.54,102.08
33961,29.46,0.54,102.08
33973,29.46,0.54,101.75
33985,29.46,0.54,101.75
33997,29.46,0.54,101.75
34009,29.46,0.54,101.75
34021,37.23,-7.23,101.75
34033,30.09,-0.09,101.75
34045,29.66,0.34,101.75
34057,28.85,1.15,101.75
34069,28.42,1.58,101.75
34081,29.31,0.69,101.84
34093,28.90,1.10,101.84
34105,28.07,1.93,101.84
34117,28.07,1.93,101.84
34129,28.49,1.51,101.84
34141,28.93,1.07,101.84
34153,29.34,0.66,101.84
34165,30.17,-0.17,101.84
34177,30.19,-0.19,101.84
34189,30.26,-0.26,101.47
34201,28.88,1.12,101.47
34213,29.72,0.28,101.47
34225,30.12,-0.12,101.47
34237,28.41,1.59,101.47
34249,28.41,1.59,101.47
34261,28.41,1.59,101.47
34273,28.35,1.65,101.47
34285,30.07,-0.07,101.47
34297,30.07,-0.07,101.53
34309,30.07,-0.07,101.53
34321,30.07,-0.07,101.53
34333,30.07,-0.07,101.53
34345,30.07,-0.07,101.53
34357,30.02,-0.02,101.53
34369,30.89,-0.89,101.53
34381,30.89,-0.89,101.53
34393,30.89,-0.89,101.53
34405,30.89,-0.89,101.18
34417,30.89,-0.89,101.18
34429,30.89,-0.89,101.18
34441,27.69,2.31,101.18
34453,30.24,-0.24,101.18
34465,30.17,-0.17,101.18
34477,31.01,-1.01,101.18
34489,29.29,0.71,101.18
34501,29.29,0.71,101.18
34513,29.29,0.71,101.82
34525,29.29,0.71,101.82
34537,29.29,0.71,101.82
34549,29.29,0.71,101.82
34561,27.76,2.24,101.82
34573,27.28,2.72,101.82
34585,29.77,0.23,101.82
34597,28.41,1.59,101.82
34609,27.11,2.89,101.82
34621,28.35,1.65,102.26
34633,29.65,0.35,102.26
34645,29.60,0.40,102.26
34657,28.69,1.31,102.26
34669,27.40,2.60,102.26
34681,28.24,1.76,102.26
34693,28.17,1.83,102.26
34705,27.69,2.31,102.26
34717,28.52,1.48,102.26
34729,36.29,-6.29,98.92
34741,36.29,-6.29,98.92
34753,36.29,-6.29,98.92
34765,36.29,-6.29,98.92
34777,36.29,-6.29,98.92
34789,36.29,-6.29,98.92
34801,36.29,-6.29,98.92
34813,26.88,3.12,98.92
34825,26.88,3.12,98.92
34837,28.59,1.41,101.93
34849,28.59,1.41,101.93
34861,28.59,1.41,101.93
34873,28.59,1.41,101.93
34885,28.59,1.41,101.93
34897,28.59,1.41,101.93
34909,27.40,2.60,101.93
34921,28.24,1.76,101.93
34933,27.33,2.67,101.93
34945,28.17,1.83,102.18
34957,29.83,0.17,102.18
34969,29.00,1.00,102.18
34981,26.45,3.55,102.18
34993,27.28,2.72,102.18
35005,27.69,2.31,102.18
35017,27.69,2.31,102.18
35029,29.41,0.59,102.18
35041,27.28,2.72,102.18
35053,28.52,1.48,102.12
35065,28.12,1.88,102.12
35077,29.00,1.00,102.12
35089,28.17,1.83,102.12
35101,27.33,2.67,102.12
35113,28.64,1.36,102.12
35125,28.64,1.36,102.12
35137,28.64,1.36,102.12
35149,28.64,1.36,102.12
35161,28.64,1.36,102.14
35173,28.64,1.36,102.14
35185,36.41,-6.41,102.14
35197,36.41,-6.41,102.14
35209,36.41,-6.41,102.14
35221,36.41,-6.41,102.14
35233,36.41,-6.41,102.14
35245,36.41,-6.41,102.14
35257,36.41,-6.41,102.14
35269,29.66,0.34,101.77
35281,29.29,0.71,101.77
35293,27.64,2.36,101.77
35305,28.12,1.88,101.77
35317,29.48,0.52,101.77
35329,30.77,-0.77,101.77
35341,28.69,1.31,101.77
35353,28.76,1.24,101.77
35365,29.70,0.30,101.77
35377,29.29,0.71,101.94
35389,28.88,1.12,101.94
35401,29.41,0.59,101.94
35413,28.52,1.48,101.94
35425,30.24,-0.24,101.94
35437,28.52,1.48,101.94
35449,30.72,-0.72,101.94
35461,28.17,1.83,101.94
35473,28.59,1.41,101.94
35485,28.58,1.42,102.29
35497,28.58,1.42,102.29
35509,28.58,1.42,102.29
35521,28.58,1.42,102.29
35533,28.58,1.42,102.29
35545,28.58,1.42,102.29
35557,29.05,0.95,102.29
35569,28.17,1.83,102.29
35581,28.58,1.42,102.29
35593,30.31,-0.31,101.61
35605,30.72,-0.72,101.61
35617,30.72,-0.72,101.61
35629,30.72,-0.72,101.61
35641,30.72,-0.72,101.61
35653,30.72,-0.72,101.61
35665,30.72,-0.72,101.61
35677,38.49,-8.49,101.61
35689,30.00,-0.00,101.61
35701,28.76,1.24,102.26
35713,28.76,1.24,102.26
35725,29.17,0.83,102.26
35737,28.76,1.24,102.26
35749,29.60,0.40,102.26
35761,31.36,-1.36,102.26
35773,30.50,-0.50,102.26
35785,29.65,0.35,102.26
35797,29.65,0.35,102.26
35809,29.65,0.35,101.94
35821,29.24,0.76,101.94
35833,30.12,-0.12,101.94
35845,30.11,-0.11,101.94
35857,30.11,-0.11,101.94
35869,30.11,-0.11,101.94
35881,30.11,-0.11,101.94
35893,30.11,-0.11,101.94
35905,30.11,-0.11,101.94
35917,31.82,-1.82,101.02
35929,30.94,-0.94,101.02
35941,29.29,0.71,101.02
35953,29.70,0.30,101.02
35965,28.41,1.59,101.02
35977,29.29,0.71,101.02
35989,29.29,0.71,101.02
36001,29.70,0.30,101.02
36013,30.53,-0.53,101.02
36025,30.12,-0.12,101.66
36037,28.81,1.19,101.66
36049,28.41,1.59,101.66
36061,28.76,1.24,101.66
36073,30.07,-0.07,101.66
36085,28.35,1.65,101.66
36097,30.89,-0.89,101.66
36109,30.02,-0.02,101.66
36121,30.00,-0.00,101.66
36133,30.00,-0.00,101.71
36145,28.69,1.31,101.71
36157,30.00,-0.00,101.71
36169,29.12,0.88,101.71
36181,29.95,0.05,101.71
36193,37.72,-7.72,101.71
36205,37.72,-7.72,101.71
36217,37.72,-7.72,101.71
36229,37.72,-7.72,101.71
36241,37.72,-7.72,98.38
36253,37.72,-7.72,98.38
36265,28.29,1.71,98.38
36277,29.12,0.88,98.38
36289,29.12,0.88,98.38
36301,28.29,1.71,98.38
36313,29.12,0.88,98.38
36325,30.41,-0.41,98.38
36337,29.53,0.47,98.38
36349,30.82,-0.82,100.98
36361,28.69,1.31,100.98
36373,29.60,0.40,100.98
36385,29.12,0.88,100.98
36397,31.31,-1.31,100.98
36409,30.41,-0.41,100.98
36421,28.69,1.31,100.98
36433,28.24,1.76,100.98
36445,28.24,1.76,100.98
36457,29.48,0.52,101.52
36469,29.88,0.12,101.52
36481,31.14,-1.14,101.52
36493,31.14,-1.14,101.52
36505,31.14,-1.14,101.52
36517,31.14,-1.14,101.52
36529,31.14,-1.14,101.52
36541,31.14,-1.14,101.52
36553,28.95,1.05,101.52
36565,28.95,1.05,101.77
36577,28.47,1.53,101.77
36589,29.31,0.69,101.77
36601,28.41,1.59,101.77
36613,28.00,2.00,101.77
36625,28.83,1.17,101.77
36637,27.93,2.07,101.77
36649,29.60,0.40,101.77
36661,30.43,-0.43,101.77
36673,31.24,-1.24,100.83
36685,31.24,-1.24,100.83
36697,31.24,-1.24,100.83
36709,31.24,-1.24,100.83
36721,31.24,-1.24,100.83
36733,31.24,-1.24,100.83
36745,27.57,2.43,100.83
36757,29.24,0.76,100.83
36769,27.93,2.07,100.83
36781,29.17,0.83,101.66
36793,27.88,2.12,101.66
36805,30.43,-0.43,101.66
36817,27.81,2.19,101.66
36829,27.81,2.19,101.66
36841,28.17,1.83,101.66
36853,27.71,2.29,101.66
36865,28.54,1.46,101.66
36877,27.25,2.75,101.66
36889,27.66,2.34,102.36
36901,29.73,0.27,102.36
36913,28.85,1.15,102.36
36925,29.66,0.34,102.36
36937,28.78,1.22,102.36
36949,28.78,1.22,102.36
36961,28.78,1.22,102.36
36973,28.78,1.22,102.36
36985,28.78,1.22,102.36
36997,28.78,1.22,101.99
37009,28.78,1.22,101.99
37021,28.78,1.22,101.99
37033,27.06,2.94,101.99
37045,28.78,1.22,101.99
37057,27.95,2.05,101.99
37069,28.37,1.63,101.99
37081,27.11,2.89,101.99
37093,28.00,2.00,101.99
37105,27.57,2.43,102.57
37117,28.88,1.12,102.57
37129,27.59,2.41,102.57
37141,28.47,1.53,102.57
37153,28.07,1.93,102.57
37165,28.47,1.53,102.57
37177,26.81,3.19,102.57
37189,28.05,1.95,102.57
37201,27.64,2.36,102.57
37213,27.64,2.36,102.66
37225,28.93,1.07,102.66
37237,27.69,2.31,102.66
37249,28.17,1.83,102.66
37261,28.19,1.81,102.66
37273,29.05,0.95,102.66
37285,27.83,2.17,102.66
37297,29.12,0.88,102.66
37309,27.88,2.12,102.66
37321,28.76,1.24,102.29
37333,28.81,1.19,102.29
37345,29.72,0.28,102.29
37357,28.00,2.00,102.29
37369,36.24,-6.24,102.29
37381,36.24,-6.24,102.29
37393,36.24,-6.24,102.29
37405,36.24,-6.24,102.29
37417,36.24,-6.24,102.29
37429,36.24,-6.24,99.13
37441,36.24,-6.24,99.13
37453,30.96,-0.96,99.13
37465,30.96,-0.96,99.13
37477,30.96,-0.96,99.13
37489,30.96,-0.96,99.13
37501,30.96,-0.96,99.13
37513,30.96,-0.96,99.13
37525,28.64,1.36,99.13
37537,29.53,0.47,101.72
37549,28.71,1.29,101.72
37561,28.71,1.29,101.72
37573,31.31,-1.31,101.72
37585,30.48,-0.48,101.72
37597,32.60,-2.60,101.72
37609,30.07,-0.07,101.72
37621,29.24,0.76,101.72
37633,28.41,1.59,101.72
37645,28.81,1.19,102.05
37657,28.41,1.59,102.05
37669,28.41,1.59,102.05
37681,29.66,0.34,102.05
37693,29.66,0.34,102.05
37705,29.66,0.34,102.05
37717,29.66,0.34,102.05
37729,29.66,0.34,102.05
37741,29.66,0.34,102.05
37753,28.81,1.19,102.10
37765,29.22,0.78,102.10
37777,29.22,0.78,102.10
37789,31.79,-1.79,102.10
37801,31.79,-1.79,102.10
37813,31.79,-1.79,102.10
37825,31.79,-1.79,102.10
37837,31.79,-1.79,102.10
37849,31.79,-1.79,102.10
37861,28.88,1.12,102.13
37873,29.36,0.64,102.13
37885,29.77,0.23,102.13
37897,28.54,1.46,102.13
37909,29.83,0.17,102.13
37921,29.83,0.17,102.13
37933,29.41,0.59,102.13
37945,29.41,0.59,102.13
37957,30.72,-0.72,102.13
37969,29.07,0.93,102.11
37981,29.05,0.95,102.11
37993,31.24,-1.24,102.11
38005,30.43,-0.43,102.11
38017,30.02,-0.02,102.11
38029,28.78,1.22,102.11
38041,29.26,0.74,102.11
38053,29.26,0.74,102.11
38065,29.32,0.68,102.11
38077,28.95,1.05,102.21
38089,28.95,1.05,102.21
38101,29.41,0.59,102.21
38113,29.83,0.17,102.21
38125,29.41,0.59,102.21
38137,28.97,1.03,102.21
38149,30.36,-0.36,102.21
38161,29.53,0.47,102.21
38173,30.41,-0.41,102.21
38185,30.43,-0.43,101.62
38197,30.00,-0.00,101.62
38209,30.89,-0.89,101.62
38221,30.12,-0.12,101.62
38233,30.60,-0.60,101.62
38245,29.36,0.64,101.62
38257,30.26,-0.26,101.62
38269,29.36,0.64,101.62
38281,30.67,-0.67,101.62
38293,31.55,-1.55,101.11
38305,30.72,-0.72,101.11
38317,29.48,0.52,101.11
38329,29.48,0.52,101.11
38341,29.48,0.52,101.11
38353,32.03,-2.03,101.11
38365,30.31,-0.31,101.11
38377,30.72,-0.72,101.11
38389,30.72,-0.72,101.11
38401,29.43,0.57,101.95
38413,29.41,0.59,101.95
38425,29.43,0.57,101.95
38437,30.67,-0.67,101.95
38449,29.77,0.23,101.95
38461,31.50,-1.50,101.95
38473,30.19,-0.19,101.95
38485,30.60,-0.60,101.95
38497,30.56,-0.56,101.95
38509,29.26,0.74,102.06
38521,31.81,-1.81,102.06
38533,29.20,0.80,102.06
38545,29.61,0.39,102.06
38557,31.28,-1.28,102.06
38569,29.97,0.03,102.06
38581,29.97,0.03,102.06
38593,29.09,0.91,102.06
38605,30.45,-0.45,102.06
38617,32.01,-2.01,100.91
38629,32.01,-2.01,100.91
38641,32.01,-2.01,100.91
38653,32.01,-2.01,100.91
38665,32.01,-2.01,100.91
38677,32.01,-2.01,100.91
38689,29.05,0.95,100.91
38701,29.48,0.52,100.91
38713,29.07,0.93,100.91
38725,30.36,-0.36,101.52
38737,29.95,0.05,101.52
38749,30.36,-0.36,101.52
38761,32.96,-2.96,101.52
38773,29.95,0.05,101.52
38785,29.05,0.95,101.52
38797,29.46,0.54,101.52
38809,29.48,0.52,101.52
38821,29.48,0.52,101.52
38833,29.95,0.05,101.68
38845,30.36,-0.36,101.68
38857,31.19,-1.19,101.68
38869,30.36,-0.36,101.68
38881,30.34,-0.34,101.68
38893,28.64,1.36,101.68
38905,29.48,0.52,101.68
38917,29.07,0.93,101.68
38929,31.19,-1.19,101.68
38941,29.48,0.52,101.88
38953,28.64,1.36,101.88
38965,29.05,0.95,101.88
38977,29.00,1.00,101.88
38989,31.96,-1.96,101.88
39001,31.96,-1.96,101.88
39013,31.96,-1.96,101.88
39025,31.96,-1.96,101.88
39037,31.96,-1.96,101.88
39049,31.96,-1.96,100.84
39061,39.73,-9.73,100.84
39073,29.24,0.76,100.84
39085,28.35,1.65,100.84
39097,29.12,0.88,100.84
39109,29.12,0.88,100.84
39121,29.12,0.88,100.84
39133,29.12,0.88,100.84
39145,29.12,0.88,100.84
39157,29.12,0.88,101.97
39169,29.12,0.88,101.97
39181,29.36,0.64,101.97
39193,30.60,-0.60,101.97
39205,30.12,-0.12,101.97
39217,29.24,0.76,101.97
39229,28.76,1.24,101.97
39241,28.78,1.22,101.97
39253,29.17,0.83,101.97
39265,28.80,1.20,102.15
39277,30.02,-0.02,102.15
39289,29.97,0.03,102.15
39301,29.02,0.98,102.15
39313,31.16,-1.16,102.15
39325,31.16,-1.16,102.15
39337,31.16,-1.16,102.15
39349,31.16,-1.16,102.15
39361,31.16,-1.16,102.15
39373,31.16,-1.16,101.19
39385,38.93,-8.93,101.19
39397,38.93,-8.93,101.19
39409,38.93,-8.93,101.19
39421,38.93,-8.93,101.19
39433,38.93,-8.93,101.19
39445,38.93,-8.93,101.19
39457,38.93,-8.93,101.19
39469,29.83,0.17,101.19
39481,29.43,0.57,101.88
39493,29.43,0.57,101.88
39505,28.59,1.41,101.88
39517,28.59,1.41,101.88
39529,28.61,1.39,101.88
39541,29.49,0.51,101.88
39553,29.92,0.08,101.88
39565,28.61,1.39,101.88
39577,28.22,1.78,101.88
39589,29.07,0.93,102.06
39601,29.05,0.95,102.06
39613,28.17,1.83,102.06
39625,29.88,0.12,102.06
39637,30.31,-0.31,102.06
39649,29.48,0.52,102.06
39661,29.48,0.52,102.06
39673,29.48,0.52,102.06
39685,29.48,0.52,102.06
39697,30.79,-0.79,101.37
39709,30.79,-0.79,101.37
39721,30.79,-0.79,101.37
39733,30.79,-0.79,101.37
39745,30.79,-0.79,101.37
39757,30.79,-0.79,101.37
39769,38.56,-8.56,101.37
39781,28.25,1.75,101.37
39793,30.38,-0.38,101.37
39805,30.45,-0.45,101.48
39817,30.85,-0.85,101.48
39829,28.73,1.27,101.48
39841,30.00,-0.00,101.48
39853,30.00,-0.00,101.48
39865,29.12,0.88,101.48
39877,28.71,1.29,101.48
39889,28.71,1.29,101.48
39901,28.69,1.31,101.48
39913,28.69,1.31,102.21
39925,29.53,0.47,102.21
39937,28.69,1.31,102.21
39949,29.53,0.47,102.21
39961,29.53,0.47,102.21
39973,29.53,0.47,102.21
39985,29.53,0.47,102.21
39997,29.53,0.47,102.21
40009,29.53,0.47,102.21
40021,30.72,-0.72,101.40
40033,28.54,1.46,101.40
40045,28.95,1.05,101.40
40057,31.55,-1.55,101.40
40069,27.69,2.31,101.40
40081,29.00,1.00,101.40
40093,29.00,1.00,101.40
40105,29.05,0.95,101.40
40117,28.17,1.83,101.40
40129,28.64,1.36,102.26
40141,29.07,0.93,102.26
40153,29.61,0.39,102.26
40165,29.95,0.05,102.26
40177,29.07,0.93,102.26
40189,29.54,0.46,102.26
40201,28.66,1.34,102.26
40213,28.66,1.34,102.26
40225,29.05,0.95,102.26
40237,29.95,0.05,101.76
40249,28.24,1.76,101.76
40261,29.54,0.46,101.76
40273,29.54,0.46,101.76
40285,29.54,0.46,101.76
40297,29.54,0.46,101.76
40309,29.54,0.46,101.76
40321,29.54,0.46,101.76
40333,37.31,-7.31,101.76
40345,28.35,1.65,102.45
40357,28.35,1.65,102.45
40369,30.48,-0.48,102.45
40381,38.66,-8.66,102.45
40393,29.60,0.40,102.45
40405,29.95,0.05,102.45
40417,30.06,-0.06,102.45
40429,29.19,0.81,102.45
40441,28.76,1.24,102.45
40453,28.76,1.24,102.36
40465,29.17,0.83,102.36
40477,28.76,1.24,102.36
40489,30.48,-0.48,102.36
40501,29.22,0.78,102.36
40513,29.20,0.80,102.36
40525,27.98,2.02,102.36
40537,29.72,0.28,102.36
40549,28.41,1.59,102.36
40561,28.83,1.17,102.39
40573,29.68,0.32,102.39
40585,29.68,0.32,102.39
40597,29.68,0.32,102.39
40609,29.68,0.32,102.39
40621,29.68,0.32,102.39
40633,29.68,0.32,102.39
40645,30.24,-0.24,102.39
40657,29.00,1.00,102.39
40669,29.00,1.00,102.37
40681,28.17,1.83,102.37
40693,29.41,0.59,102.37
40705,29.00,1.00,102.37
40717,28.58,1.42,102.37
40729,29.53,0.47,102.37
40741,30.26,-0.26,102.37
40753,30.26,-0.26,102.37
40765,30.26,-0.26,102.37
40777,30.26,-0.26,101.88
40789,30.26,-0.26,101.88
40801,30.26,-0.26,101.88
40813,32.84,-2.84,101.88
40825,32.84,-2.84,101.88
40837,32.84,-2.84,101.88
40849,32.84,-2.84,101.88
40861,32.84,-2.84,101.88
40873,32.84,-2.84,101.88
40885,40.61,-10.61,97.41
40897,29.60,0.40,97.41
40909,28.24,1.76,97.41
40921,29.48,0.52,97.41
40933,30.36,-0.36,97.41
40945,29.09,0.91,97.41
40957,30.33,-0.33,97.41
40969,30.33,-0.33,97.41
40981,29.44,0.56,97.41
40993,28.97,1.03,101.90
41005,28.47,1.53,101.90
41017,30.62,-0.62,101.90
41029,28.42,1.58,101.90
41041,28.78,1.22,101.90
41053,29.12,0.88,101.90
41065,30.36,-0.36,101.90
41077,30.36,-0.36,101.90
41089,30.36,-0.36,101.90
41101,30.36,-0.36,101.35
41113,30.36,-0.36,101.35
41125,30.36,-0.36,101.35
41137,28.24,1.76,101.35
41149,28.58,1.42,101.35
41161,28.05,1.95,101.35
41173,29.29,0.71,101.35
41185,28.76,1.24,101.35
41197,29.12,0.88,101.35
41209,27.69,2.31,102.48
41221,28.52,1.48,102.48
41233,27.17,2.83,102.48
41245,29.66,0.34,102.48
41257,29.66,0.34,102.48
41269,29.66,0.34,102.48
41281,29.66,0.34,102.48
41293,29.66,0.34,102.48
41305,29.66,0.34,102.48
41317,37.43,-7.43,98.40
41329,29.32,0.68,98.40
41341,28.01,1.99,98.40
41353,27.54,2.46,98.40
41365,27.61,2.39,98.40
41377,27.18,2.82,98.40
41389,28.01,1.99,98.40
41401,28.01,1.99,98.40
41413,28.01,1.99,98.40
41425,28.01,1.99,102.09
41437,28.01,1.99,102.09
41449,28.01,1.99,102.09
41461,28.01,1.99,102.09
41473,35.78,-5.78,102.09
41485,26.42,3.58,102.09
41497,27.73,2.27,102.09
41509,26.89,3.11,102.09
41521,28.13,1.87,102.09
41533,29.85,0.15,101.40
41545,29.02,0.98,101.40
41557,27.78,2.22,101.40
41569,30.02,-0.02,101.40
41581,27.85,2.15,101.40
41593,28.73,1.27,101.40
41605,30.51,-0.51,101.40
41617,28.37,1.63,101.40
41629,27.54,2.46,101.40
41641,28.85,1.15,101.84
41653,30.12,-0.12,101.84
41665,30.12,-0.12,101.84
41677,30.12,-0.12,101.84
41689,30.12,-0.12,101.84
41701,30.12,-0.12,101.84
41713,30.12,-0.12,101.84
41725,37.89,-7.89,101.84
41737,37.89,-7.89,101.84
41749,37.89,-7.89,98.00
41761,37.89,-7.89,98.00
41773,37.89,-7.89,98.00
41785,37.89,-7.89,98.00
41797,27.59,2.41,98.00
41809,27.52,2.48,98.00
41821,28.00,2.00,98.00
41833,27.96,2.04,98.00
41845,28.83,1.17,98.00
41857,36.60,-6.60,98.17
41869,36.60,-6.60,98.17
41881,36.60,-6.60,98.17
41893,36.60,-6.60,98.17
41905,36.60,-6.60,98.17
41917,36.60,-6.60,98.17
41929,29.44,0.56,98.17
41941,29.02,0.98,98.17
41953,28.54,1.46,98.17
41965,36.31,-6.31,97.97
41977,36.31,-6.31,97.97
41989,36.31,-6.31,97.97
42001,36.31,-6.31,97.97
42013,36.31,-6.31,97.97
42025,36.31,-6.31,97.97
42037,36.31,-6.31,97.97
42049,27.78,2.22,97.97
42061,27.78,2.22,97.97
42073,27.78,2.22,101.33
42085,27.78,2.22,101.33
42097,27.78,2.22,101.33
42109,27.78,2.22,101.33
42121,35.55,-5.55,101.33
42133,26.21,3.79,101.33
42145,26.64,3.36,101.33
42157,27.81,2.19,101.33
42169,27.76,2.24,101.33
42181,26.81,3.19,101.86
42193,26.35,3.65,101.86
42205,26.33,3.67,101.86
42217,26.28,3.72,101.86
42229,25.74,4.26,101.86
42241,26.57,3.43,101.86
42253,27.83,2.17,101.86
42265,25.28,4.72,101.86
42277,26.11,3.89,101.86
42289,26.52,3.48,102.14
42301,26.52,3.48,102.14
42313,26.50,3.50,102.14
42325,27.76,2.24,102.14
42337,26.45,3.55,102.14
42349,27.28,2.72,102.14
42361,27.78,2.22,102.14
42373,26.83,3.17,102.14
42385,27.23,2.77,102.14
42397,29.82,0.18,100.89
42409,25.57,4.43,100.89
42421,25.97,4.03,100.89
42433,28.52,1.48,100.89
42445,27.23,2.77,100.89
42457,26.81,3.19,100.89
42469,26.81,3.19,100.89
42481,26.81,3.19,100.89
42493,26.81,3.19,100.89
42505,26.81,3.19,102.20
42517,26.81,3.19,102.20
42529,34.58,-4.58,102.20
42541,28.64,1.36,102.20
42553,27.37,2.63,102.20
42565,28.19,1.81,102.20
42577,30.96,-0.96,102.20
42589,26.89,3.11,102.20
42601,26.89,3.11,102.20
42613,26.89,3.11,102.32
42625,26.89,3.11,102.32
42637,26.89,3.11,102.32
42649,26.89,3.11,102.32
42661,26.89,3.11,102.32
42673,25.82,4.18,102.32
42685,26.71,3.29,102.32
42697,25.92,4.08,102.32
42709,26.40,3.60,102.32
42721,27.69,2.31,102.13
42733,29.00,1.00,102.13
42745,29.00,1.00,102.13
42757,29.00,1.00,102.13
42769,29.00,1.00,102.13
42781,29.00,1.00,102.13
42793,29.00,1.00,102.13
42805,36.77,-6.77,102.13
42817,28.59,1.41,102.13
42829,28.59,1.41,101.85
42841,28.59,1.41,101.85
42853,28.59,1.41,101.85
42865,28.59,1.41,101.85
42877,28.59,1.41,101.85
42889,27.85,2.15,101.85
42901,28.37,1.63,101.85
42913,28.01,1.99,101.85
42925,27.25,2.75,101.85
42937,27.73,2.27,102.30
42949,27.78,2.22,102.30
42961,27.42,2.58,102.30
42973,27.83,2.17,102.30
42985,29.53,0.47,102.30
42997,29.53,0.47,102.30
43009,29.53,0.47,102.30
43021,29.53,0.47,102.30
43033,29.53,0.47,102.30
43045,29.53,0.47,101.63
43057,37.30,-7.30,101.63
43069,28.52,1.48,101.63
43081,28.12,1.88,101.63
43093,30.29,-0.29,101.63
43105,30.29,-0.29,101.63
43117,30.29,-0.29,101.63
43129,30.29,-0.29,101.63
43141,30.29,-0.29,101.63
43153,30.29,-0.29,101.32
43165,30.29,-0.29,101.32
43177,30.36,-0.36,101.32
43189,31.24,-1.24,101.32
43201,30.84,-0.84,101.32
43213,30.84,-0.84,101.32
43225,27.81,2.19,101.32
43237,27.81,2.19,101.32
43249,29.48,0.52,101.32
43261,30.72,-0.72,101.13
43273,28.10,1.90,101.13
43285,28.10,1.90,101.13
43297,28.10,1.90,101.13
43309,27.64,2.36,101.13
43321,28.00,2.00,101.13
43333,29.24,0.76,101.13
43345,27.93,2.07,101.13
43357,27.88,2.12,101.13
43369,29.12,0.88,101.78
43381,29.05,0.95,101.78
43393,30.70,-0.70,101.78
43405,27.69,2.31,101.78
43417,27.69,2.31,101.78
43429,27.69,2.31,101.78
43441,27.69,2.31,101.78
43453,29.78,0.22,101.78
43465,28.49,1.51,101.78
43477,28.01,1.99,102.30
43489,28.01,1.99,102.30
43501,28.90,1.10,102.30
43513,29.29,0.71,102.30
43525,26.69,3.31,102.30
43537,27.57,2.43,102.30
43549,27.10,2.90,102.30
43561,29.65,0.35,102.30
43573,28.34,1.66,102.30
43585,27.52,2.48,102.61
43597,28.41,1.59,102.61
43609,28.41,1.59,102.61
43621,28.41,1.59,102.61
43633,28.00,2.00,102.61
43645,28.00,2.00,102.61
43657,28.00,2.00,102.61
43669,28.00,2.00,102.61
43681,28.00,2.00,102.61
43693,28.00,2.00,102.53
43705,28.73,1.27,102.53
43717,30.02,-0.02,102.53
43729,29.65,0.35,102.53
43741,28.00,2.00,102.53
43753,28.93,1.07,102.53
43765,28.12,1.88,102.53
43777,29.12,0.88,102.53
43789,27.88,2.12,102.53
43801,28.41,1.59,102.45
43813,28.95,1.05,102.45
43825,29.88,0.12,102.45
43837,38.13,-8.13,102.45
43849,38.13,-8.13,102.45
43861,38.13,-8.13,102.45
43873,38.13,-8.13,102.45
43885,38.13,-8.13,102.45
43897,38.13,-8.13,102.45
43909,38.13,-8.13,98.34
43921,30.58,-0.58,98.34
43933,30.31,-0.31,98.34
43945,30.36,-0.36,98.34
43957,30.48,-0.48,98.34
43969,29.70,0.30,98.34
43981,29.41,0.59,98.34
43993,29.88,0.12,98.34
44005,30.82,-0.82,98.34
44017,29.65,0.35,101.59
44029,30.12,-0.12,101.59
44041,33.61,-3.61,101.59
44053,32.37,-2.37,101.59
44065,40.14,-10.14,101.59
44077,40.14,-10.14,101.59
44089,40.14,-10.14,101.59
44101,40.14,-10.14,101.59
44113,40.14,-10.14,101.59
44125,40.14,-10.14,97.09
44137,30.82,-0.82,97.09
44149,31.65,-1.65,97.09
44161,30.82,-0.82,97.09
44173,31.65,-1.65,97.09
44185,31.65,-1.65,97.09
44197,31.24,-1.24,97.09
44209,30.36,-0.36,97.09
44221,30.34,-0.34,97.09
44233,29.88,0.12,101.01
44245,31.13,-1.13,101.01
44257,31.13,-1.13,101.01
44269,31.13,-1.13,101.01
44281,31.13,-1.13,101.01
44293,31.13,-1.13,101.01
44305,31.13,-1.13,101.01
44317,32.15,-2.15,101.01
44329,32.98,-2.98,101.01
44341,32.98,-2.98,99.68
44353,32.98,-2.98,99.68
44365,32.98,-2.98,99.68
44377,32.98,-2.98,99.68
44389,32.98,-2.98,99.68
44401,30.41,-0.41,99.68
44413,30.84,-0.84,99.68
44425,30.84,-0.84,99.68
44437,30.84,-0.84,99.68
44449,30.84,-0.84,100.46
44461,30.84,-0.84,100.46
44473,30.84,-0.84,100.46
44485,29.24,0.76,100.46
44497,30.50,-0.50,100.46
44509,29.54,0.46,100.46
44521,29.05,0.95,100.46
44533,29.00,1.00,100.46
44545,29.83,0.17,100.46
44557,28.88,1.12,101.26
44569,28.88,1.12,101.26
44581,28.41,1.59,101.26
44593,29.17,0.83,101.26
44605,28.69,1.31,101.26
44617,27.81,2.19,101.26
44629,29.05,0.95,101.26
44641,30.24,-0.24,101.26
44653,37.13,-7.13,101.26
44665,28.47,1.53,101.49
44677,28.88,1.12,101.49
44689,29.72,0.28,101.49
44701,28.81,1.19,101.49
44713,30.06,-0.06,101.49
44725,28.29,1.71,101.49
44737,27.88,2.12,101.49
44749,29.95,0.05,101.49
44761,28.64,1.36,101.49
44773,29.05,0.95,101.32
44785,29.05,0.95,101.32
44797,29.05,0.95,101.32
44809,29.05,0.95,101.32
44821,29.05,0.95,101.32
44833,29.05,0.95,101.32
44845,28.46,1.54,101.32
44857,27.57,2.43,101.32
44869,28.41,1.59,101.32
44881,28.35,1.65,101.66
44893,29.17,0.83,101.66
44905,28.71,1.29,101.66
44917,31.24,-1.24,101.66
44929,28.64,1.36,101.66
44941,28.64,1.36,101.66
44953,28.24,1.76,101.66
44965,27.76,2.24,101.66
44977,27.69,2.31,101.66
44989,27.71,2.29,102.02
45001,28.52,1.48,102.02
45013,28.05,1.95,102.02
