Tiempo, Distancia, Error, setPoint, Control
1033,-0.00,30.00,30.00,13.99
1045,-0.00,30.00,30.00,13.99
1057,-0.00,30.00,30.00,13.99
1069,-0.00,30.00,30.00,13.99
1081,-0.00,30.00,30.00,13.99
1093,-0.00,30.00,30.00,13.99
1105,-0.00,30.00,30.00,13.99
1117,-0.00,30.00,30.00,13.99
1129,0.02,29.98,30.00,13.99
1141,-0.00,30.00,30.00,18.29
1153,-0.00,30.00,30.00,18.29
1165,-0.00,30.00,30.00,18.29
1177,-0.00,30.00,30.00,18.29
1189,-0.00,30.00,30.00,18.29
1201,-0.00,30.00,30.00,18.29
1213,-0.00,30.00,30.00,18.29
1225,-0.00,30.00,30.00,18.29
1237,-0.00,30.00,30.00,18.29
1249,0.42,29.58,30.00,21.91
1261,-0.00,30.00,30.00,21.91
1273,-0.00,30.00,30.00,21.91
1285,0.42,29.58,30.00,21.91
1297,0.02,29.98,30.00,21.91
1309,0.02,29.98,30.00,21.91
1321,0.02,29.98,30.00,21.91
1333,-0.00,30.00,30.00,21.91
1345,-0.00,30.00,30.00,21.91
1357,-0.00,30.00,30.00,27.30
1369,-0.00,30.00,30.00,27.30
1381,-0.00,30.00,30.00,27.30
1393,-0.00,30.00,30.00,27.30
1405,0.02,29.98,30.00,27.30
1417,0.42,29.58,30.00,27.30
1429,-0.00,30.00,30.00,27.30
1441,-0.00,30.00,30.00,27.30
1453,0.42,29.58,30.00,27.30
1465,0.02,29.98,30.00,31.10
1477,-0.00,30.00,30.00,31.10
1489,-0.00,30.00,30.00,31.10
1501,0.02,29.98,30.00,31.10
1513,0.02,29.98,30.00,31.10
1525,-0.00,30.00,30.00,31.10
1537,-0.00,30.00,30.00,31.10
1549,0.02,29.98,30.00,31.10
1561,0.02,29.98,30.00,31.10
1573,-0.00,30.00,30.00,35.44
1585,-0.00,30.00,30.00,35.44
1597,-0.00,30.00,30.00,35.44
1609,-0.00,30.00,30.00,35.44
1621,-0.00,30.00,30.00,35.44
1633,-0.00,30.00,30.00,35.44
1645,-0.00,30.00,30.00,35.44
1657,-0.00,30.00,30.00,35.44
1669,-0.00,30.00,30.00,35.44
1681,-0.00,30.00,30.00,39.72
1693,-0.00,30.00,30.00,39.72
1705,-0.00,30.00,30.00,39.72
1717,-0.00,30.00,30.00,39.72
1729,-0.00,30.00,30.00,39.72
1741,-0.00,30.00,30.00,39.72
1753,-0.00,30.00,30.00,39.72
1765,-0.00,30.00,30.00,39.72
1777,-0.00,30.00,30.00,39.72
1789,-0.00,30.00,30.00,44.02
1801,-0.00,30.00,30.00,44.02
1813,-0.00,30.00,30.00,44.02
1825,-0.00,30.00,30.00,44.02
1837,-0.00,30.00,30.00,44.02
1849,-0.00,30.00,30.00,44.02
1861,-0.00,30.00,30.00,44.02
1873,-0.00,30.00,30.00,44.02
1885,-0.00,30.00,30.00,44.02
1897,-0.00,30.00,30.00,48.32
1909,-0.00,30.00,30.00,48.32
1921,-0.00,30.00,30.00,48.32
1933,-0.00,30.00,30.00,48.32
1945,-0.00,30.00,30.00,48.32
1957,-0.00,30.00,30.00,48.32
1969,-0.00,30.00,30.00,48.32
1981,-0.00,30.00,30.00,48.32
1993,-0.00,30.00,30.00,48.32
2005,-0.00,30.00,30.00,52.62
2017,-0.00,30.00,30.00,52.62
2029,-0.00,30.00,30.00,52.62
2041,-0.00,30.00,30.00,52.62
2053,-0.00,30.00,30.00,52.62
2065,-0.00,30.00,30.00,52.62
2077,-0.00,30.00,30.00,52.62
2089,0.42,29.58,30.00,52.62
2101,-0.00,30.00,30.00,52.62
2113,-0.00,30.00,30.00,56.92
2125,-0.00,30.00,30.00,56.92
2137,-0.00,30.00,30.00,56.92
2149,-0.00,30.00,30.00,56.92
2161,-0.00,30.00,30.00,56.92
2173,0.02,29.98,30.00,56.92
2185,-0.00,30.00,30.00,56.92
2197,-0.00,30.00,30.00,56.92
2209,-0.00,30.00,30.00,56.92
2221,-0.00,30.00,30.00,61.22
2233,-0.00,30.00,30.00,61.22
2245,-0.00,30.00,30.00,61.22
2257,0.02,29.98,30.00,61.22
2269,-0.00,30.00,30.00,61.22
2281,-0.00,30.00,30.00,61.22
2293,-0.00,30.00,30.00,61.22
2305,-0.00,30.00,30.00,61.22
2317,-0.00,30.00,30.00,61.22
2329,-0.00,30.00,30.00,65.52
2341,-0.00,30.00,30.00,65.52
2353,-0.00,30.00,30.00,65.52
2365,0.42,29.58,30.00,65.52
2377,0.42,29.58,30.00,65.52
2389,0.02,29.98,30.00,65.52
2401,0.02,29.98,30.00,65.52
2413,0.42,29.58,30.00,65.52
2425,-0.00,30.00,30.00,65.52
2437,-0.00,30.00,30.00,69.81
2449,0.42,29.58,30.00,69.81
2461,0.42,29.58,30.00,69.81
2473,0.02,29.98,30.00,69.81
2485,0.42,29.58,30.00,69.81
2497,0.42,29.58,30.00,69.81
2509,-0.00,30.00,30.00,69.81
2521,-0.00,30.00,30.00,69.81
2533,-0.00,30.00,30.00,69.81
2545,-0.00,30.00,30.00,74.11
2557,-0.00,30.00,30.00,74.11
2569,-0.00,30.00,30.00,74.11
2581,-0.00,30.00,30.00,74.11
2593,-0.00,30.00,30.00,74.11
2605,-0.00,30.00,30.00,74.11
2617,-0.00,30.00,30.00,74.11
2629,-0.00,30.00,30.00,74.11
2641,-0.00,30.00,30.00,74.11
2653,-0.00,30.00,30.00,78.41
2665,-0.00,30.00,30.00,78.41
2677,-0.00,30.00,30.00,78.41
2689,-0.00,30.00,30.00,78.41
2701,-0.00,30.00,30.00,78.41
2713,0.02,29.98,30.00,78.41
2725,-0.00,30.00,30.00,78.41
2737,-0.00,30.00,30.00,78.41
2749,-0.00,30.00,30.00,78.41
2761,-0.00,30.00,30.00,82.71
2773,-0.00,30.00,30.00,82.71
2785,-0.00,30.00,30.00,82.71
2797,-0.00,30.00,30.00,82.71
2809,-0.00,30.00,30.00,82.71
2821,-0.00,30.00,30.00,82.71
2833,-0.00,30.00,30.00,82.71
2845,-0.00,30.00,30.00,82.71
2857,-0.00,30.00,30.00,82.71
2869,-0.00,30.00,30.00,87.01
2881,-0.00,30.00,30.00,87.01
2893,-0.00,30.00,30.00,87.01
2905,-0.00,30.00,30.00,87.01
2917,-0.00,30.00,30.00,87.01
2929,-0.00,30.00,30.00,87.01
2941,-0.00,30.00,30.00,87.01
2953,-0.00,30.00,30.00,87.01
2965,-0.00,30.00,30.00,87.01
2977,-0.00,30.00,30.00,91.31
2989,-0.00,30.00,30.00,91.31
3001,-0.00,30.00,30.00,91.31
3013,-0.00,30.00,30.00,91.31
3025,-0.00,30.00,30.00,91.31
3037,-0.00,30.00,30.00,91.31
3049,-0.00,30.00,30.00,91.31
3061,-0.00,30.00,30.00,91.31
3073,-0.00,30.00,30.00,91.31
3085,-0.00,30.00,30.00,95.61
3097,0.02,29.98,30.00,95.61
3109,-0.00,30.00,30.00,95.61
3121,-0.00,30.00,30.00,95.61
3133,-0.00,30.00,30.00,95.61
3145,-0.00,30.00,30.00,95.61
3157,-0.00,30.00,30.00,95.61
3169,-0.00,30.00,30.00,95.61
3181,-0.00,30.00,30.00,95.61
3193,-0.00,30.00,30.00,99.91
3205,-0.00,30.00,30.00,99.91
3217,-0.00,30.00,30.00,99.91
3229,-0.00,30.00,30.00,99.91
3241,-0.00,30.00,30.00,99.91
3253,-0.00,30.00,30.00,99.91
3265,-0.00,30.00,30.00,99.91
3277,0.42,29.58,30.00,99.91
3289,-0.00,30.00,30.00,99.91
3301,0.47,29.53,30.00,103.45
3313,0.47,29.53,30.00,103.45
3325,0.47,29.53,30.00,103.45
3337,0.47,29.53,30.00,103.45
3349,0.47,29.53,30.00,103.45
3361,0.47,29.53,30.00,103.45
3373,0.47,29.53,30.00,103.45
3385,0.47,29.53,30.00,103.45
3397,0.07,29.93,30.00,103.45
3409,0.07,29.93,30.00,108.86
3421,0.47,29.53,30.00,108.86
3433,0.07,29.93,30.00,108.86
3445,0.07,29.93,30.00,108.86
3457,0.07,29.93,30.00,108.86
3469,0.07,29.93,30.00,108.86
3481,0.07,29.93,30.00,108.86
3493,0.07,29.93,30.00,108.86
3505,0.07,29.93,30.00,108.86
3517,0.07,29.93,30.00,112.70
3529,0.07,29.93,30.00,112.70
3541,0.07,29.93,30.00,112.70
3553,0.07,29.93,30.00,112.70
3565,0.07,29.93,30.00,112.70
3577,0.07,29.93,30.00,112.70
3589,0.07,29.93,30.00,112.70
3601,-0.05,30.05,30.00,112.70
3613,0.07,29.93,30.00,112.70
3625,0.54,29.46,30.00,116.23
3637,0.12,29.88,30.00,116.23
3649,0.12,29.88,30.00,116.23
3661,0.12,29.88,30.00,116.23
3673,0.12,29.88,30.00,116.23
3685,0.19,29.81,30.00,116.23
3697,0.19,29.81,30.00,116.23
3709,0.19,29.81,30.00,116.23
3721,0.10,29.90,30.00,116.23
3733,0.19,29.81,30.00,121.55
3745,-0.22,30.22,30.00,121.55
3757,0.19,29.81,30.00,121.55
3769,0.24,29.76,30.00,121.55
3781,0.24,29.76,30.00,121.55
3793,0.30,29.70,30.00,121.55
3805,0.30,29.70,30.00,121.55
3817,0.76,29.24,30.00,121.55
3829,0.36,29.64,30.00,121.55
3841,0.42,29.58,30.00,125.05
3853,0.88,29.12,30.00,125.05
3865,0.95,29.05,30.00,125.05
3877,1.00,29.00,30.00,125.05
3889,1.07,28.93,30.00,125.05
3901,0.71,29.29,30.00,125.05
3913,1.67,28.33,30.00,125.05
3925,0.90,29.10,30.00,125.05
3937,1.00,29.00,30.00,125.05
3949,1.12,28.88,30.00,128.45
3961,1.72,28.28,30.00,128.45
3973,1.43,28.57,30.00,128.45
3985,2.02,27.98,30.00,128.45
3997,2.14,27.86,30.00,128.45
4009,2.31,27.69,30.00,128.45
4021,2.55,27.45,30.00,128.45
4033,2.74,27.26,30.00,128.45
4045,2.86,27.14,30.00,128.45
4057,3.14,26.86,30.00,130.16
4069,3.37,26.63,30.00,130.16
4081,3.20,26.80,30.00,130.16
4093,3.91,26.09,30.00,130.16
4105,4.20,25.80,30.00,130.16
4117,4.55,25.45,30.00,130.16
4129,4.91,25.09,30.00,130.16
4141,4.86,25.14,30.00,130.16
4153,6.10,23.90,30.00,130.16
4165,6.10,23.90,30.00,131.58
4177,6.10,23.90,30.00,131.58
4189,6.99,23.01,30.00,131.58
4201,7.46,22.54,30.00,131.58
4213,8.41,21.59,30.00,131.58
4225,8.41,21.59,30.00,131.58
4237,9.42,20.58,30.00,131.58
4249,9.99,20.01,30.00,131.58
4261,10.13,19.87,30.00,131.58
4273,11.30,18.70,30.00,130.06
4285,11.90,18.10,30.00,130.06
4297,12.68,17.32,30.00,130.06
4309,13.75,16.25,30.00,130.06
4321,14.64,15.36,30.00,130.06
4333,14.86,15.14,30.00,130.06
4345,16.03,13.97,30.00,130.06
4357,16.57,13.43,30.00,130.06
4369,17.81,12.19,30.00,130.06
4381,18.22,11.78,30.00,127.59
4393,18.65,11.35,30.00,127.59
4405,19.48,10.52,30.00,127.59
4417,21.66,8.34,30.00,127.59
4429,22.13,7.87,30.00,127.59
4441,23.07,6.93,30.00,127.59
4453,24.50,5.50,30.00,127.59
4465,25.09,4.91,30.00,127.59
4477,28.71,1.29,30.00,127.59
4489,28.17,1.83,30.00,121.25
4501,29.65,0.35,30.00,121.25
4513,28.58,1.42,30.00,121.25
4525,29.65,0.35,30.00,121.25
4537,31.19,-1.19,30.00,121.25
4549,31.02,-1.02,30.00,121.25
4561,35.51,-5.51,30.00,121.25
4573,33.69,-3.69,30.00,121.25
4585,34.34,-4.34,30.00,121.25
4597,35.41,-5.41,30.00,121.17
4609,38.61,-8.61,30.00,121.17
4621,38.01,-8.01,30.00,121.17
4633,37.65,-7.65,30.00,121.17
4645,39.97,-9.97,30.00,121.17
4657,41.87,-11.87,30.00,121.17
4669,39.32,-9.32,30.00,121.17
4681,40.68,-10.68,30.00,121.17
4693,42.87,-12.87,30.00,121.17
4705,43.15,-13.15,30.00,116.23
4717,42.72,-12.72,30.00,116.23
4729,43.08,-13.08,30.00,116.23
4741,42.13,-12.13,30.00,116.23
4753,77.77,-47.77,30.00,116.23
4765,85.54,-55.54,30.00,116.23
4777,85.54,-55.54,30.00,116.23
4789,85.54,-55.54,30.00,116.23
4801,85.54,-55.54,30.00,116.23
4813,85.54,-55.54,30.00,55.75
4825,85.54,-55.54,30.00,55.75
4837,45.68,-15.68,30.00,55.75
4849,45.75,-15.75,30.00,55.75
4861,46.15,-16.15,30.00,55.75
4873,44.03,-14.03,30.00,55.75
4885,45.68,-15.68,30.00,55.75
4897,44.32,-14.32,30.00,55.75
4909,43.67,-13.67,30.00,55.75
4921,43.86,-13.86,30.00,161.41
4933,43.20,-13.20,30.00,161.41
4945,43.31,-13.31,30.00,161.41
4957,41.95,-11.95,30.00,161.41
4969,44.90,-14.90,30.00,161.41
4981,43.13,-13.13,30.00,161.41
4993,41.00,-11.00,30.00,161.41
5005,40.42,-10.42,30.00,161.41
5017,39.35,-9.35,30.00,161.41
5029,39.10,-9.10,30.00,120.28
5041,38.33,-8.33,30.00,120.28
5053,37.23,-7.23,30.00,120.28
5065,37.28,-7.28,30.00,120.28
5077,34.44,-4.44,30.00,120.28
5089,34.97,-4.97,30.00,120.28
5101,33.85,-3.85,30.00,120.28
5113,32.25,-2.25,30.00,120.28
5125,32.03,-2.03,30.00,120.28
5137,30.50,-0.50,30.00,127.30
5149,28.93,1.07,30.00,127.30
5161,30.00,-0.00,30.00,127.30
5173,28.58,1.42,30.00,127.30
5185,27.64,2.36,30.00,127.30
5197,26.57,3.43,30.00,127.30
5209,25.21,4.79,30.00,127.30
5221,25.21,4.79,30.00,127.30
5233,23.56,6.44,30.00,127.30
5245,22.78,7.22,30.00,129.83
5257,22.01,7.99,30.00,129.83
5269,22.61,7.39,30.00,129.83
5281,20.25,9.75,30.00,129.83
5293,20.13,9.87,30.00,129.83
5305,19.12,10.88,30.00,129.83
5317,18.51,11.49,30.00,129.83
5329,18.29,11.71,30.00,129.83
5341,17.46,12.54,30.00,129.83
5353,17.93,12.07,30.00,129.91
5365,17.17,12.83,30.00,129.91
5377,16.28,13.72,30.00,129.91
5389,16.40,13.60,30.00,129.91
5401,16.11,13.89,30.00,129.91
5413,15.52,14.48,30.00,129.91
5425,15.69,14.31,30.00,129.91
5437,15.52,14.48,30.00,129.91
5449,15.40,14.60,30.00,129.91
5461,14.45,15.55,30.00,131.74
5473,15.28,14.72,30.00,131.74
5485,14.81,15.19,30.00,131.74
5497,14.81,15.19,30.00,131.74
5509,14.81,15.19,30.00,131.74
5521,14.92,15.08,30.00,131.74
5533,15.45,14.55,30.00,131.74
5545,15.57,14.43,30.00,131.74
5557,15.69,14.31,30.00,131.74
5569,16.35,13.65,30.00,127.04
5581,16.52,13.48,30.00,127.04
5593,16.35,13.65,30.00,127.04
5605,17.05,12.95,30.00,127.04
5617,16.98,13.02,30.00,127.04
5629,16.39,13.61,30.00,127.04
5641,17.17,12.83,30.00,127.04
5653,17.93,12.07,30.00,127.04
5665,18.41,11.59,30.00,127.04
5677,18.82,11.18,30.00,127.22
5689,19.65,10.35,30.00,127.22
5701,20.06,9.94,30.00,127.22
5713,20.53,9.47,30.00,127.22
5725,20.59,9.41,30.00,127.22
5737,21.54,8.46,30.00,127.22
5749,22.08,7.92,30.00,127.22
5761,22.56,7.44,30.00,127.22
5773,23.56,6.44,30.00,127.22
5785,24.21,5.79,30.00,123.04
5797,23.49,6.51,30.00,123.04
5809,24.50,5.50,30.00,123.04
5821,25.16,4.84,30.00,123.04
5833,33.18,-3.18,30.00,123.04
5845,26.71,3.29,30.00,123.04
5857,27.76,2.24,30.00,123.04
5869,27.61,2.39,30.00,123.04
5881,28.73,1.27,30.00,123.04
5893,28.30,1.70,30.00,123.40
5905,30.68,-0.68,30.00,123.40
5917,30.50,-0.50,30.00,123.40
5929,31.81,-1.81,30.00,123.40
5941,32.93,-2.93,30.00,123.40
5953,32.76,-2.76,30.00,123.40
5965,32.32,-2.32,30.00,123.40
5977,35.10,-5.10,30.00,123.40
5989,32.96,-2.96,30.00,123.40
6001,34.87,-4.87,30.00,117.83
6013,34.46,-4.46,30.00,117.83
6025,34.58,-4.58,30.00,117.83
6037,35.82,-5.82,30.00,117.83
6049,38.06,-8.06,30.00,117.83
6061,37.11,-7.11,30.00,117.83
6073,37.11,-7.11,30.00,117.83
6085,36.99,-6.99,30.00,117.83
6097,38.23,-8.23,30.00,117.83
6109,38.06,-8.06,30.00,119.41
6121,36.99,-6.99,30.00,119.41
6133,38.95,-8.95,30.00,119.41
6145,37.82,-7.82,30.00,119.41
6157,39.25,-9.25,30.00,119.41
6169,38.88,-8.88,30.00,119.41
6181,38.11,-8.11,30.00,119.41
6193,39.42,-9.42,30.00,119.41
6205,39.40,-9.40,30.00,119.41
6217,38.52,-8.52,30.00,121.10
6229,37.64,-7.64,30.00,121.10
6241,39.25,-9.25,30.00,121.10
6253,38.71,-8.71,30.00,121.10
6265,38.64,-8.64,30.00,121.10
6277,40.31,-10.31,30.00,121.10
6289,40.31,-10.31,30.00,121.10
6301,40.31,-10.31,30.00,121.10
6313,40.31,-10.31,30.00,121.10
6325,40.31,-10.31,30.00,117.57
6337,40.31,-10.31,30.00,117.57
6349,37.01,-7.01,30.00,117.57
6361,39.35,-9.35,30.00,117.57
6373,37.04,-7.04,30.00,117.57
6385,37.64,-7.64,30.00,117.57
6397,35.34,-5.34,30.00,117.57
6409,35.46,-5.46,30.00,117.57
6421,35.21,-5.21,30.00,117.57
6433,34.87,-4.87,30.00,126.72
6445,34.63,-4.63,30.00,126.72
6457,34.63,-4.63,30.00,126.72
6469,34.32,-4.32,30.00,126.72
6481,34.80,-4.80,30.00,126.72
6493,33.97,-3.97,30.00,126.72
6505,33.68,-3.68,30.00,126.72
6517,33.68,-3.68,30.00,126.72
6529,32.96,-2.96,30.00,126.72
6541,33.86,-3.86,30.00,121.52
6553,32.32,-2.32,30.00,121.52
6565,31.55,-1.55,30.00,121.52
6577,30.77,-0.77,30.00,121.52
6589,31.84,-1.84,30.00,121.52
6601,31.13,-1.13,30.00,121.52
6613,30.96,-0.96,30.00,121.52
6625,31.14,-1.14,30.00,121.52
6637,31.31,-1.31,30.00,121.52
6649,30.31,-0.31,30.00,125.48
6661,29.72,0.28,30.00,125.48
6673,29.12,0.88,30.00,125.48
6685,29.83,0.17,30.00,125.48
6697,37.30,-7.30,30.00,125.48
6709,37.30,-7.30,30.00,125.48
6721,37.30,-7.30,30.00,125.48
6733,37.30,-7.30,30.00,125.48
6745,37.30,-7.30,30.00,125.48
6757,37.30,-7.30,30.00,110.37
6769,28.05,1.95,30.00,110.37
6781,28.83,1.17,30.00,110.37
6793,28.69,1.31,30.00,110.37
6805,28.24,1.76,30.00,110.37
6817,30.72,-0.72,30.00,110.37
6829,27.69,2.31,30.00,110.37
6841,28.52,1.48,30.00,110.37
6853,28.46,1.54,30.00,110.37
6865,28.41,1.59,30.00,131.25
6877,29.17,0.83,30.00,131.25
6889,27.45,2.55,30.00,131.25
6901,28.64,1.36,30.00,131.25
6913,28.52,1.48,30.00,131.25
6925,28.83,1.17,30.00,131.25
6937,27.88,2.12,30.00,131.25
6949,26.93,3.07,30.00,131.25
6961,27.76,2.24,30.00,131.25
6973,27.69,2.31,30.00,122.66
6985,26.81,3.19,30.00,122.66
6997,27.69,2.31,30.00,122.66
7009,27.76,2.24,30.00,122.66
7021,27.88,2.12,30.00,122.66
7033,27.93,2.07,30.00,122.66
7045,27.69,2.31,30.00,122.66
7057,27.40,2.60,30.00,122.66
7069,29.36,0.64,30.00,122.66
7081,29.46,0.54,30.00,119.38
7093,28.81,1.19,30.00,119.38
7105,29.07,0.93,30.00,119.38
7117,28.42,1.58,30.00,119.38
7129,28.59,1.41,30.00,119.38
7141,28.83,1.17,30.00,119.38
7153,29.49,0.51,30.00,119.38
7165,30.92,-0.92,30.00,119.38
7177,31.13,-1.13,30.00,119.38
7189,29.61,0.39,30.00,121.20
7201,29.78,0.22,30.00,121.20
7213,30.38,-0.38,30.00,121.20
7225,30.97,-0.97,30.00,121.20
7237,30.68,-0.68,30.00,121.20
7249,31.21,-1.21,30.00,121.20
7261,30.90,-0.90,30.00,121.20
7273,30.97,-0.97,30.00,121.20
7285,31.09,-1.09,30.00,121.20
7297,31.16,-1.16,30.00,118.97
7309,31.67,-1.67,30.00,118.97
7321,31.67,-1.67,30.00,118.97
7333,31.28,-1.28,30.00,118.97
7345,30.50,-0.50,30.00,118.97
7357,31.38,-1.38,30.00,118.97
7369,31.36,-1.36,30.00,118.97
7381,30.96,-0.96,30.00,118.97
7393,30.89,-0.89,30.00,118.97
7405,30.45,-0.45,30.00,121.67
7417,30.85,-0.85,30.00,121.67
7429,30.38,-0.38,30.00,121.67
7441,31.16,-1.16,30.00,121.67
7453,30.24,-0.24,30.00,121.67
7465,30.53,-0.53,30.00,121.67
7477,31.31,-1.31,30.00,121.67
7489,29.90,0.10,30.00,121.67
7501,31.89,-1.89,30.00,121.67
7513,32.67,-2.67,30.00,117.27
7525,32.96,-2.96,30.00,117.27
7537,30.72,-0.72,30.00,117.27
7549,30.67,-0.67,30.00,117.27
7561,30.96,-0.96,30.00,117.27
7573,29.94,0.06,30.00,117.27
7585,29.46,0.54,30.00,117.27
7597,29.31,0.69,30.00,117.27
7609,30.00,-0.00,30.00,117.27
7621,29.07,0.93,30.00,125.10
7633,30.17,-0.17,30.00,125.10
7645,29.60,0.40,30.00,125.10
7657,29.41,0.59,30.00,125.10
7669,28.88,1.12,30.00,125.10
7681,29.17,0.83,30.00,125.10
7693,29.43,0.57,30.00,125.10
7705,28.00,2.00,30.00,125.10
7717,28.24,1.76,30.00,125.10
7729,27.64,2.36,30.00,123.47
7741,27.11,2.89,30.00,123.47
7753,27.40,2.60,30.00,123.47
7765,27.28,2.72,30.00,123.47
7777,27.17,2.83,30.00,123.47
7789,26.62,3.38,30.00,123.47
7801,26.93,3.07,30.00,123.47
7813,28.17,1.83,30.00,123.47
7825,27.64,2.36,30.00,123.47
7837,26.69,3.31,30.00,123.71
7849,27.52,2.48,30.00,123.71
7861,26.64,3.36,30.00,123.71
7873,27.13,2.87,30.00,123.71
7885,27.05,2.95,30.00,123.71
7897,27.45,2.55,30.00,123.71
7909,28.29,1.71,30.00,123.71
7921,26.57,3.43,30.00,123.71
7933,26.16,3.84,30.00,123.71
7945,26.57,3.43,30.00,123.31
7957,27.88,2.12,30.00,123.31
7969,26.64,3.36,30.00,123.31
7981,27.47,2.53,30.00,123.31
7993,27.52,2.48,30.00,123.31
8005,26.69,3.31,30.00,123.31
8017,27.57,2.43,30.00,123.31
8029,27.64,2.36,30.00,123.31
8041,27.69,2.31,30.00,123.31
8053,27.76,2.24,30.00,121.78
8065,27.83,2.17,30.00,121.78
8077,27.05,2.95,30.00,121.78
8089,27.10,2.90,30.00,121.78
8101,27.57,2.43,30.00,121.78
8113,28.05,1.95,30.00,121.78
8125,29.41,0.59,30.00,121.78
8137,27.74,2.26,30.00,121.78
8149,29.05,0.95,30.00,121.78
8161,27.88,2.12,30.00,123.25
8173,27.52,2.48,30.00,123.25
8185,28.81,1.19,30.00,123.25
8197,28.88,1.12,30.00,123.25
8209,28.95,1.05,30.00,123.25
8221,27.71,2.29,30.00,123.25
8233,28.59,1.41,30.00,123.25
8245,27.76,2.24,30.00,123.25
8257,29.94,0.06,30.00,123.25
8269,29.12,0.88,30.00,121.72
8281,28.29,1.71,30.00,121.72
8293,29.24,0.76,30.00,121.72
8305,28.41,1.59,30.00,121.72
8317,28.47,1.53,30.00,121.72
8329,29.77,0.23,30.00,121.72
8341,28.10,1.90,30.00,121.72
8353,30.29,-0.29,30.00,121.72
8365,29.88,0.12,30.00,121.72
8377,28.64,1.36,30.00,123.99
8389,29.95,0.05,30.00,123.99
8401,28.29,1.71,30.00,123.99
8413,28.29,1.71,30.00,123.99
8425,27.88,2.12,30.00,123.99
8437,28.76,1.24,30.00,123.99
8449,28.76,1.24,30.00,123.99
8461,28.76,1.24,30.00,123.99
8473,29.65,0.35,30.00,123.99
8485,30.06,-0.06,30.00,121.41
8497,29.24,0.76,30.00,121.41
8509,30.12,-0.12,30.00,121.41
8521,29.70,0.30,30.00,121.41
8533,30.12,-0.12,30.00,121.41
8545,29.24,0.76,30.00,121.41
8557,28.88,1.12,30.00,121.41
8569,28.93,1.07,30.00,121.41
8581,29.00,1.00,30.00,121.41
8593,28.93,1.07,30.00,124.76
8605,29.83,0.17,30.00,124.76
8617,30.29,-0.29,30.00,124.76
8629,39.37,-9.37,30.00,124.76
8641,31.60,-1.60,30.00,124.76
8653,29.41,0.59,30.00,124.76
8665,29.05,0.95,30.00,124.76
8677,28.66,1.34,30.00,124.76
8689,29.05,0.95,30.00,124.76
8701,30.77,-0.77,30.00,120.75
8713,30.36,-0.36,30.00,120.75
8725,28.24,1.76,30.00,120.75
8737,28.64,1.36,30.00,120.75
8749,29.12,0.88,30.00,120.75
8761,31.24,-1.24,30.00,120.75
8773,32.08,-2.08,30.00,120.75
8785,28.69,1.31,30.00,120.75
8797,29.60,0.40,30.00,120.75
8809,28.71,1.29,30.00,125.95
8821,29.61,0.39,30.00,125.95
8833,30.90,-0.90,30.00,125.95
8845,28.71,1.29,30.00,125.95
8857,28.71,1.29,30.00,125.95
8869,30.06,-0.06,30.00,125.95
8881,28.76,1.24,30.00,125.95
8893,29.65,0.35,30.00,125.95
8905,28.76,1.24,30.00,125.95
8917,30.07,-0.07,30.00,121.68
8929,30.07,-0.07,30.00,121.68
8941,29.24,0.76,30.00,121.68
8953,29.70,0.30,30.00,121.68
8965,28.88,1.12,30.00,121.68
8977,29.31,0.69,30.00,121.68
8989,31.02,-1.02,30.00,121.68
9001,32.32,-2.32,30.00,121.68
9013,32.32,-2.32,30.00,121.68
9025,32.32,-2.32,30.00,119.63
9037,32.32,-2.32,30.00,119.63
9049,32.32,-2.32,30.00,119.63
9061,32.32,-2.32,30.00,119.63
9073,29.83,0.17,30.00,119.63
9085,30.24,-0.24,30.00,119.63
9097,29.83,0.17,30.00,119.63
9109,29.83,0.17,30.00,119.63
9121,28.52,1.48,30.00,119.63
9133,28.52,1.48,30.00,127.83
9145,29.34,0.66,30.00,127.83
9157,28.52,1.48,30.00,127.83
9169,29.36,0.64,30.00,127.83
9181,29.77,0.23,30.00,127.83
9193,29.36,0.64,30.00,127.83
9205,30.19,-0.19,30.00,127.83
9217,30.24,-0.24,30.00,127.83
9229,30.65,-0.65,30.00,127.83
9241,28.58,1.42,30.00,123.71
9253,29.00,1.00,30.00,123.71
9265,29.88,0.12,30.00,123.71
9277,29.48,0.52,30.00,123.71
9289,29.53,0.47,30.00,123.71
9301,29.60,0.40,30.00,123.71
9313,30.07,-0.07,30.00,123.71
9325,30.19,-0.19,30.00,123.71
9337,28.95,1.05,30.00,123.71
9349,29.00,1.00,30.00,123.30
9361,31.67,-1.67,30.00,123.30
9373,30.07,-0.07,30.00,123.30
9385,30.53,-0.53,30.00,123.30
9397,29.77,0.23,30.00,123.30
9409,29.41,0.59,30.00,123.30
9421,29.83,0.17,30.00,123.30
9433,30.36,-0.36,30.00,123.30
9445,30.48,-0.48,30.00,123.30
9457,30.48,-0.48,30.00,121.57
9469,31.43,-1.43,30.00,121.57
9481,31.08,-1.08,30.00,121.57
9493,29.82,0.18,30.00,121.57
9505,29.90,0.10,30.00,121.57
9517,30.38,-0.38,30.00,121.57
9529,30.38,-0.38,30.00,121.57
9541,30.85,-0.85,30.00,121.57
9553,30.90,-0.90,30.00,121.57
9565,31.33,-1.33,30.00,121.81
9577,31.33,-1.33,30.00,121.81
9589,30.90,-0.90,30.00,121.81
9601,31.33,-1.33,30.00,121.81
9613,31.74,-1.74,30.00,121.81
9625,30.85,-0.85,30.00,121.81
9637,30.45,-0.45,30.00,121.81
9649,30.45,-0.45,30.00,121.81
9661,30.38,-0.38,30.00,121.81
9673,30.79,-0.79,30.00,123.43
9685,30.74,-0.74,30.00,123.43
9697,31.16,-1.16,30.00,123.43
9709,30.68,-0.68,30.00,123.43
9721,29.78,0.22,30.00,123.43
9733,31.86,-1.86,30.00,123.43
9745,30.12,-0.12,30.00,123.43
9757,30.07,-0.07,30.00,123.43
9769,30.92,-0.92,30.00,123.43
9781,29.61,0.39,30.00,124.57
9793,31.69,-1.69,30.00,124.57
9805,29.90,0.10,30.00,124.57
9817,29.90,0.10,30.00,124.57
9829,31.14,-1.14,30.00,124.57
9841,29.85,0.15,30.00,124.57
9853,31.16,-1.16,30.00,124.57
9865,30.74,-0.74,30.00,124.57
9877,29.85,0.15,30.00,124.57
9889,30.26,-0.26,30.00,122.29
9901,30.26,-0.26,30.00,122.29
9913,30.67,-0.67,30.00,122.29
9925,31.92,-1.92,30.00,122.29
9937,31.50,-1.50,30.00,122.29
9949,31.09,-1.09,30.00,122.29
9961,31.52,-1.52,30.00,122.29
9973,31.02,-1.02,30.00,122.29
9985,30.62,-0.62,30.00,122.29
9997,31.04,-1.04,30.00,121.74
10009,29.77,0.23,30.00,121.74
10021,30.19,-0.19,30.00,121.74
10033,29.77,0.23,30.00,121.74
10045,29.36,0.64,30.00,121.74
10057,30.19,-0.19,30.00,121.74
10069,30.16,-0.16,30.00,121.74
10081,29.32,0.68,30.00,121.74
10093,29.78,0.22,30.00,121.74
10105,29.78,0.22,30.00,124.46
10117,29.73,0.27,30.00,124.46
10129,31.04,-1.04,30.00,124.46
10141,30.21,-0.21,30.00,124.46
10153,30.21,-0.21,30.00,124.46
10165,30.62,-0.62,30.00,124.46
10177,30.21,-0.21,30.00,124.46
10189,31.04,-1.04,30.00,124.46
10201,29.80,0.20,30.00,124.46
10213,28.97,1.03,30.00,124.37
10225,29.78,0.22,30.00,124.37
10237,30.21,-0.21,30.00,124.37
10249,30.68,-0.68,30.00,124.37
10261,30.68,-0.68,30.00,124.37
10273,29.43,0.57,30.00,124.37
10285,30.67,-0.67,30.00,124.37
10297,33.03,-3.03,30.00,124.37
10309,33.03,-3.03,30.00,124.37
10321,33.03,-3.03,30.00,117.16
10333,33.03,-3.03,30.00,117.16
10345,33.03,-3.03,30.00,117.16
10357,33.03,-3.03,30.00,117.16
10369,31.55,-1.55,30.00,117.16
10381,29.88,0.12,30.00,117.16
10393,31.19,-1.19,30.00,117.16
10405,29.48,0.52,30.00,117.16
10417,29.48,0.52,30.00,117.16
10429,30.31,-0.31,30.00,125.59
10441,31.13,-1.13,30.00,125.59
10453,31.91,-1.91,30.00,125.59
10465,30.17,-0.17,30.00,125.59
10477,31.01,-1.01,30.00,125.59
10489,29.61,0.39,30.00,125.59
10501,30.48,-0.48,30.00,125.59
10513,31.24,-1.24,30.00,125.59
10525,29.48,0.52,30.00,125.59
10537,29.48,0.52,30.00,123.83
10549,29.83,0.17,30.00,123.83
10561,29.36,0.64,30.00,123.83
10573,29.29,0.71,30.00,123.83
10585,28.83,1.17,30.00,123.83
10597,29.60,0.40,30.00,123.83
10609,30.00,-0.00,30.00,123.83
10621,29.53,0.47,30.00,123.83
10633,29.07,0.93,30.00,123.83
10645,29.95,0.05,30.00,122.21
10657,29.94,0.06,30.00,122.21
10669,30.79,-0.79,30.00,122.21
10681,29.97,0.03,30.00,122.21
10693,29.49,0.51,30.00,122.21
10705,28.66,1.34,30.00,122.21
10717,29.14,0.86,30.00,122.21
10729,28.68,1.32,30.00,122.21
10741,28.68,1.32,30.00,122.21
10753,29.54,0.46,30.00,123.40
10765,29.56,0.44,30.00,123.40
10777,29.97,0.03,30.00,123.40
10789,29.54,0.46,30.00,123.40
10801,29.97,0.03,30.00,123.40
10813,30.79,-0.79,30.00,123.40
10825,29.02,0.98,30.00,123.40
10837,31.57,-1.57,30.00,123.40
10849,30.33,-0.33,30.00,123.40
10861,29.07,0.93,30.00,123.76
10873,30.74,-0.74,30.00,123.76
10885,29.49,0.51,30.00,123.76
10897,29.07,0.93,30.00,123.76
10909,29.95,0.05,30.00,123.76
10921,29.54,0.46,30.00,123.76
10933,30.85,-0.85,30.00,123.76
10945,30.02,-0.02,30.00,123.76
10957,29.19,0.81,30.00,123.76
10969,28.83,1.17,30.00,123.74
10981,28.83,1.17,30.00,123.74
10993,30.55,-0.55,30.00,123.74
11005,30.12,-0.12,30.00,123.74
11017,30.60,-0.60,30.00,123.74
11029,31.89,-1.89,30.00,123.74
11041,30.19,-0.19,30.00,123.74
11053,29.83,0.17,30.00,123.74
11065,29.41,0.59,30.00,123.74
11077,29.85,0.15,30.00,122.02
11089,29.44,0.56,30.00,122.02
11101,29.88,0.12,30.00,122.02
11113,29.53,0.47,30.00,122.02
11125,29.95,0.05,30.00,122.02
11137,30.84,-0.84,30.00,122.02
11149,30.00,-0.00,30.00,122.02
11161,29.60,0.40,30.00,122.02
11173,29.65,0.35,30.00,122.02
11185,30.12,-0.12,30.00,122.76
11197,30.96,-0.96,30.00,122.76
11209,30.96,-0.96,30.00,122.76
11221,30.96,-0.96,30.00,122.76
11233,30.96,-0.96,30.00,122.76
11245,30.96,-0.96,30.00,122.76
11257,30.96,-0.96,30.00,122.76
11269,38.73,-8.73,30.00,122.76
11281,30.17,-0.17,30.00,122.76
11293,31.01,-1.01,30.00,121.64
11305,30.60,-0.60,30.00,121.64
11317,30.17,-0.17,30.00,121.64
11329,29.29,0.71,30.00,121.64
11341,29.29,0.71,30.00,121.64
11353,30.53,-0.53,30.00,121.64
11365,31.79,-1.79,30.00,121.64
11377,30.89,-0.89,30.00,121.64
11389,29.60,0.40,30.00,121.64
11401,29.60,0.40,30.00,124.72
11413,30.43,-0.43,30.00,124.72
11425,29.95,0.05,30.00,124.72
11437,29.95,0.05,30.00,124.72
11449,29.53,0.47,30.00,124.72
11461,29.48,0.52,30.00,124.72
11473,29.83,0.17,30.00,124.72
11485,30.65,-0.65,30.00,124.72
11497,30.24,-0.24,30.00,124.72
11509,29.83,0.17,30.00,122.82
11521,29.43,0.57,30.00,122.82
11533,31.14,-1.14,30.00,122.82
11545,29.85,0.15,30.00,122.82
11557,29.85,0.15,30.00,122.82
11569,29.44,0.56,30.00,122.82
11581,29.43,0.57,30.00,122.82
11593,30.26,-0.26,30.00,122.82
11605,30.26,-0.26,30.00,122.82
11617,30.26,-0.26,30.00,122.44
11629,31.13,-1.13,30.00,122.44
11641,29.41,0.59,30.00,122.44
11653,30.29,-0.29,30.00,122.44
11665,29.85,0.15,30.00,122.44
11677,29.83,0.17,30.00,122.44
11689,29.83,0.17,30.00,122.44
11701,29.83,0.17,30.00,122.44
11713,29.36,0.64,30.00,122.44
11725,29.36,0.64,30.00,124.31
11737,29.36,0.64,30.00,124.31
11749,30.67,-0.67,30.00,124.31
11761,29.78,0.22,30.00,124.31
11773,29.77,0.23,30.00,124.31
11785,30.60,-0.60,30.00,124.31
11797,28.88,1.12,30.00,124.31
11809,31.01,-1.01,30.00,124.31
11821,29.73,0.27,30.00,124.31
11833,29.31,0.69,30.00,123.47
11845,31.02,-1.02,30.00,123.47
11857,30.55,-0.55,30.00,123.47
11869,30.55,-0.55,30.00,123.47
11881,30.55,-0.55,30.00,123.47
11893,30.55,-0.55,30.00,123.47
11905,30.55,-0.55,30.00,123.47
11917,30.55,-0.55,30.00,123.47
11929,30.55,-0.55,30.00,123.47
11941,29.41,0.59,30.00,123.35
11953,29.00,1.00,30.00,123.35
11965,30.29,-0.29,30.00,123.35
11977,29.48,0.52,30.00,123.35
11989,31.60,-1.60,30.00,123.35
12001,29.48,0.52,30.00,123.35
12013,30.79,-0.79,30.00,123.35
12025,29.53,0.47,30.00,123.35
12037,30.00,-0.00,30.00,123.35
12049,30.00,-0.00,30.00,122.61
12061,30.00,-0.00,30.00,122.61
12073,30.00,-0.00,30.00,122.61
12085,29.60,0.40,30.00,122.61
12097,30.89,-0.89,30.00,122.61
12109,30.89,-0.89,30.00,122.61
12121,30.00,-0.00,30.00,122.61
12133,30.89,-0.89,30.00,122.61
12145,29.65,0.35,30.00,122.61
12157,29.24,0.76,30.00,124.49
12169,29.58,0.42,30.00,124.49
12181,31.31,-1.31,30.00,124.49
12193,29.58,0.42,30.00,124.49
12205,29.95,0.05,30.00,124.49
12217,31.67,-1.67,30.00,124.49
12229,29.60,0.40,30.00,124.49
12241,29.19,0.81,30.00,124.49
12253,30.43,-0.43,30.00,124.49
12265,30.00,-0.00,30.00,122.53
12277,30.82,-0.82,30.00,122.53
12289,29.53,0.47,30.00,122.53
12301,30.38,-0.38,30.00,122.53
12313,29.54,0.46,30.00,122.53
12325,29.54,0.46,30.00,122.53
12337,29.56,0.44,30.00,122.53
12349,29.95,0.05,30.00,122.53
12361,30.85,-0.85,30.00,122.53
12373,30.85,-0.85,30.00,122.03
12385,30.02,-0.02,30.00,122.03
12397,29.61,0.39,30.00,122.03
12409,30.90,-0.90,30.00,122.03
12421,30.85,-0.85,30.00,122.03
12433,29.60,0.40,30.00,122.03
12445,29.14,0.86,30.00,122.03
12457,29.56,0.44,30.00,122.03
12469,30.38,-0.38,30.00,122.03
12481,30.38,-0.38,30.00,123.62
12493,30.38,-0.38,30.00,123.62
12505,30.38,-0.38,30.00,123.62
12517,30.38,-0.38,30.00,123.62
12529,30.38,-0.38,30.00,123.62
12541,38.15,-8.15,30.00,123.62
12553,30.28,-0.28,30.00,123.62
12565,29.97,0.03,30.00,123.62
12577,30.38,-0.38,30.00,123.62
12589,30.38,-0.38,30.00,123.03
12601,29.07,0.93,30.00,123.03
12613,29.97,0.03,30.00,123.03
12625,29.97,0.03,30.00,123.03
12637,30.85,-0.85,30.00,123.03
12649,29.14,0.86,30.00,123.03
12661,29.95,0.05,30.00,123.03
12673,29.95,0.05,30.00,123.03
12685,29.95,0.05,30.00,123.03
12697,29.95,0.05,30.00,123.65
12709,29.95,0.05,30.00,123.65
12721,29.95,0.05,30.00,123.65
12733,29.60,0.40,30.00,123.65
12745,30.06,-0.06,30.00,123.65
12757,30.48,-0.48,30.00,123.65
12769,30.48,-0.48,30.00,123.65
12781,29.65,0.35,30.00,123.65
12793,29.72,0.28,30.00,123.65
12805,29.70,0.30,30.00,123.59
12817,29.32,0.68,30.00,123.59
12829,30.62,-0.62,30.00,123.59
12841,29.78,0.22,30.00,123.59
12853,31.09,-1.09,30.00,123.59
12865,31.14,-1.14,30.00,123.59
12877,29.48,0.52,30.00,123.59
12889,30.36,-0.36,30.00,123.59
12901,29.53,0.47,30.00,123.59
12913,30.84,-0.84,30.00,121.54
12925,30.43,-0.43,30.00,121.54
12937,30.43,-0.43,30.00,121.54
12949,30.92,-0.92,30.00,121.54
12961,30.09,-0.09,30.00,121.54
12973,30.09,-0.09,30.00,121.54
12985,30.09,-0.09,30.00,121.54
12997,30.09,-0.09,30.00,121.54
13009,30.97,-0.97,30.00,121.54
13021,30.97,-0.97,30.00,122.48
13033,30.14,-0.14,30.00,122.48
13045,30.14,-0.14,30.00,122.48
13057,30.14,-0.14,30.00,122.48
13069,30.53,-0.53,30.00,122.48
13081,29.73,0.27,30.00,122.48
13093,30.62,-0.62,30.00,122.48
13105,30.56,-0.56,30.00,122.48
13117,30.09,-0.09,30.00,122.48
13129,30.50,-0.50,30.00,123.25
13141,32.72,-2.72,30.00,123.25
13153,29.66,0.34,30.00,123.25
13165,30.92,-0.92,30.00,123.25
13177,30.09,-0.09,30.00,123.25
13189,31.33,-1.33,30.00,123.25
13201,31.33,-1.33,30.00,123.25
13213,31.31,-1.31,30.00,123.25
13225,33.44,-3.44,30.00,123.25
13237,31.72,-1.72,30.00,120.70
13249,31.31,-1.31,30.00,120.70
13261,30.48,-0.48,30.00,120.70
13273,30.07,-0.07,30.00,120.70
13285,31.38,-1.38,30.00,120.70
13297,30.55,-0.55,30.00,120.70
13309,31.36,-1.36,30.00,120.70
13321,30.12,-0.12,30.00,120.70
13333,31.43,-1.43,30.00,120.70
13345,30.60,-0.60,30.00,123.60
13357,30.60,-0.60,30.00,123.60
13369,29.72,0.28,30.00,123.60
13381,32.28,-2.28,30.00,123.60
13393,30.56,-0.56,30.00,123.60
13405,29.68,0.32,30.00,123.60
13417,30.07,-0.07,30.00,123.60
13429,30.55,-0.55,30.00,123.60
13441,29.66,0.34,30.00,123.60
13453,30.09,-0.09,30.00,123.07
13465,30.96,-0.96,30.00,123.07
13477,30.09,-0.09,30.00,123.07
13489,30.50,-0.50,30.00,123.07
13501,30.09,-0.09,30.00,123.07
13513,30.07,-0.07,30.00,123.07
13525,30.14,-0.14,30.00,123.07
13537,30.09,-0.09,30.00,123.07
13549,30.09,-0.09,30.00,123.07
13561,30.55,-0.55,30.00,121.76
13573,30.96,-0.96,30.00,121.76
13585,30.48,-0.48,30.00,121.76
13597,30.89,-0.89,30.00,121.76
13609,30.50,-0.50,30.00,121.76
13621,30.50,-0.50,30.00,121.76
13633,30.09,-0.09,30.00,121.76
13645,30.97,-0.97,30.00,121.76
13657,29.66,0.34,30.00,121.76
13669,30.51,-0.51,30.00,122.25
13681,33.11,-3.11,30.00,122.25
13693,30.50,-0.50,30.00,122.25
13705,30.50,-0.50,30.00,122.25
13717,30.09,-0.09,30.00,122.25
13729,31.74,-1.74,30.00,122.25
13741,30.02,-0.02,30.00,122.25
13753,30.45,-0.45,30.00,122.25
13765,30.85,-0.85,30.00,122.25
13777,29.54,0.46,30.00,123.67
13789,30.38,-0.38,30.00,123.67
13801,29.90,0.10,30.00,123.67
13813,30.74,-0.74,30.00,123.67
13825,29.37,0.62,30.00,123.67
13837,31.45,-1.45,30.00,123.67
13849,30.56,-0.56,30.00,123.67
13861,30.09,-0.09,30.00,123.67
13873,30.09,-0.09,30.00,123.67
13885,29.26,0.74,30.00,123.11
13897,30.50,-0.50,30.00,123.11
13909,30.02,-0.02,30.00,123.11
13921,30.00,-0.00,30.00,123.11
13933,30.43,-0.43,30.00,123.11
13945,31.26,-1.26,30.00,123.11
13957,30.43,-0.43,30.00,123.11
13969,29.53,0.47,30.00,123.11
13981,29.60,0.40,30.00,123.11
13993,29.60,0.40,30.00,122.35
14005,29.60,0.40,30.00,122.35
14017,30.07,-0.07,30.00,122.35
14029,30.07,-0.07,30.00,122.35
14041,29.66,0.34,30.00,122.35
14053,30.07,-0.07,30.00,122.35
14065,30.55,-0.55,30.00,122.35
14077,30.55,-0.55,30.00,122.35
14089,30.19,-0.19,30.00,122.35
14101,30.19,-0.19,30.00,121.85
14113,29.77,0.23,30.00,121.85
14125,31.50,-1.50,30.00,121.85
14137,29.43,0.57,30.00,121.85
14149,31.08,-1.08,30.00,121.85
14161,30.67,-0.67,30.00,121.85
14173,30.26,-0.26,30.00,121.85
14185,30.19,-0.19,30.00,121.85
14197,31.08,-1.08,30.00,121.85
14209,31.92,-1.92,30.00,119.74
14221,32.74,-2.74,30.00,119.74
14233,30.21,-0.21,30.00,119.74
14245,30.21,-0.21,30.00,119.74
14257,29.80,0.20,30.00,119.74
14269,30.21,-0.21,30.00,119.74
14281,30.21,-0.21,30.00,119.74
14293,29.80,0.20,30.00,119.74
14305,30.21,-0.21,30.00,119.74
14317,30.21,-0.21,30.00,124.13
14329,30.21,-0.21,30.00,124.13
14341,30.67,-0.67,30.00,124.13
14353,31.08,-1.08,30.00,124.13
14365,30.19,-0.19,30.00,124.13
14377,30.19,-0.19,30.00,124.13
14389,31.08,-1.08,30.00,124.13
14401,30.24,-0.24,30.00,124.13
14413,30.19,-0.19,30.00,124.13
14425,29.80,0.20,30.00,122.82
14437,29.78,0.22,30.00,122.82
14449,29.80,0.20,30.00,122.82
14461,30.19,-0.19,30.00,122.82
14473,31.04,-1.04,30.00,122.82
14485,32.33,-2.33,30.00,122.82
14497,31.92,-1.92,30.00,122.82
14509,30.21,-0.21,30.00,122.82
14521,30.21,-0.21,30.00,122.82
14533,30.21,-0.21,30.00,121.75
14545,29.80,0.20,30.00,121.75
14557,29.78,0.22,30.00,121.75
14569,29.78,0.22,30.00,121.75
14581,29.80,0.20,30.00,121.75
14593,31.09,-1.09,30.00,121.75
14605,29.37,0.62,30.00,121.75
14617,29.37,0.62,30.00,121.75
14629,29.80,0.20,30.00,121.75
14641,30.26,-0.26,30.00,122.09
14653,29.37,0.62,30.00,122.09
14665,30.68,-0.68,30.00,122.09
14677,29.78,0.22,30.00,122.09
14689,31.09,-1.09,30.00,122.09
14701,29.78,0.22,30.00,122.09
14713,29.80,0.20,30.00,122.09
14725,29.83,0.17,30.00,122.09
14737,30.26,-0.26,30.00,122.09
14749,30.68,-0.68,30.00,121.44
14761,30.68,-0.68,30.00,121.44
14773,29.37,0.62,30.00,121.44
14785,30.68,-0.68,30.00,121.44
14797,31.09,-1.09,30.00,121.44
14809,30.26,-0.26,30.00,121.44
14821,29.80,0.20,30.00,121.44
14833,31.09,-1.09,30.00,121.44
14845,30.68,-0.68,30.00,121.44
14857,30.26,-0.26,30.00,122.49
14869,30.68,-0.68,30.00,122.49
14881,30.68,-0.68,30.00,122.49
14893,30.26,-0.26,30.00,122.49
14905,30.26,-0.26,30.00,122.49
14917,30.67,-0.67,30.00,122.49
14929,31.50,-1.50,30.00,122.49
14941,31.92,-1.92,30.00,122.49
14953,30.19,-0.19,30.00,122.49
14965,30.65,-0.65,30.00,121.36
14977,30.65,-0.65,30.00,121.36
14989,30.24,-0.24,30.00,121.36
15001,29.82,0.18,30.00,121.36
15013,30.24,-0.24,30.00,121.36
15025,30.24,-0.24,30.00,121.36
15037,30.24,-0.24,30.00,121.36
15049,29.82,0.18,30.00,121.36
15061,30.65,-0.65,30.00,121.36
15073,30.24,-0.24,30.00,122.35
15085,31.48,-1.48,30.00,122.35
15097,30.67,-0.67,30.00,122.35
15109,30.67,-0.67,30.00,122.35
15121,31.08,-1.08,30.00,122.35
15133,30.24,-0.24,30.00,122.35
15145,29.77,0.23,30.00,122.35
15157,30.24,-0.24,30.00,122.35
15169,30.24,-0.24,30.00,122.35
15181,30.24,-0.24,30.00,121.86
15193,29.83,0.17,30.00,121.86
15205,30.24,-0.24,30.00,121.86
15217,29.83,0.17,30.00,121.86
15229,30.65,-0.65,30.00,121.86
15241,31.48,-1.48,30.00,121.86
15253,31.08,-1.08,30.00,121.86
15265,31.08,-1.08,30.00,121.86
15277,30.67,-0.67,30.00,121.86
15289,30.21,-0.21,30.00,121.88
15301,30.68,-0.68,30.00,121.88
15313,29.39,0.61,30.00,121.88
15325,30.26,-0.26,30.00,121.88
15337,29.78,0.22,30.00,121.88
15349,30.67,-0.67,30.00,121.88
15361,29.78,0.22,30.00,121.88
15373,31.09,-1.09,30.00,121.88
15385,31.09,-1.09,30.00,121.88
15397,29.78,0.22,30.00,122.48
15409,29.78,0.22,30.00,122.48
15421,29.82,0.18,30.00,122.48
15433,30.24,-0.24,30.00,122.48
15445,31.08,-1.08,30.00,122.48
15457,30.65,-0.65,30.00,122.48
15469,29.36,0.64,30.00,122.48
15481,30.24,-0.24,30.00,122.48
15493,30.26,-0.26,30.00,122.48
15505,29.83,0.17,30.00,121.96
15517,29.77,0.23,30.00,121.96
15529,31.08,-1.08,30.00,121.96
15541,30.24,-0.24,30.00,121.96
15553,29.77,0.23,30.00,121.96
15565,30.24,-0.24,30.00,121.96
15577,30.65,-0.65,30.00,121.96
15589,30.65,-0.65,30.00,121.96
15601,30.24,-0.24,30.00,121.96
15613,31.08,-1.08,30.00,120.07
15625,31.08,-1.08,30.00,120.07
15637,30.17,-0.17,30.00,120.07
15649,29.41,0.59,30.00,120.07
15661,30.67,-0.67,30.00,120.07
15673,29.78,0.22,30.00,120.07
15685,30.68,-0.68,30.00,120.07
15697,29.78,0.22,30.00,120.07
15709,30.21,-0.21,30.00,120.07
15721,31.09,-1.09,30.00,121.28
15733,31.92,-1.92,30.00,121.28
15745,29.80,0.20,30.00,121.28
15757,29.80,0.20,30.00,121.28
15769,29.73,0.27,30.00,121.28
15781,30.21,-0.21,30.00,121.28
15793,30.68,-0.68,30.00,121.28
15805,29.80,0.20,30.00,121.28
15817,30.68,-0.68,30.00,121.28
15829,29.37,0.62,30.00,123.87
15841,31.08,-1.08,30.00,123.87
15853,30.67,-0.67,30.00,123.87
15865,29.36,0.64,30.00,123.87
15877,30.19,-0.19,30.00,123.87
15889,29.41,0.59,30.00,123.87
15901,31.09,-1.09,30.00,123.87
15913,29.78,0.22,30.00,123.87
15925,31.92,-1.92,30.00,123.87
15937,31.50,-1.50,30.00,118.66
15949,30.67,-0.67,30.00,118.66
15961,29.44,0.56,30.00,118.66
15973,30.26,-0.26,30.00,118.66
15985,29.85,0.15,30.00,118.66
15997,30.67,-0.67,30.00,118.66
16009,29.83,0.17,30.00,118.66
16021,30.24,-0.24,30.00,118.66
16033,30.24,-0.24,30.00,118.66
16045,31.55,-1.55,30.00,120.75
16057,31.08,-1.08,30.00,120.75
16069,29.78,0.22,30.00,120.75
16081,30.62,-0.62,30.00,120.75
16093,30.14,-0.14,30.00,120.75
16105,29.66,0.34,30.00,120.75
16117,30.02,-0.02,30.00,120.75
16129,30.04,-0.04,30.00,120.75
16141,29.53,0.47,30.00,120.75
16153,31.19,-1.19,30.00,121.15
16165,30.72,-0.72,30.00,121.15
16177,31.08,-1.08,30.00,121.15
16189,30.19,-0.19,30.00,121.15
16201,28.88,1.12,30.00,121.15
16213,29.66,0.34,30.00,121.15
16225,29.19,0.81,30.00,121.15
16237,29.60,0.40,30.00,121.15
16249,29.95,0.05,30.00,121.15
16261,29.83,0.17,30.00,122.73
16273,29.83,0.17,30.00,122.73
16285,28.93,1.07,30.00,122.73
16297,29.29,0.71,30.00,122.73
16309,29.65,0.35,30.00,122.73
16321,30.89,-0.89,30.00,122.73
16333,29.53,0.47,30.00,122.73
16345,29.49,0.51,30.00,122.73
16357,29.02,0.98,30.00,122.73
16369,29.43,0.57,30.00,121.88
16381,28.54,1.46,30.00,121.88
16393,29.36,0.64,30.00,121.88
16405,28.90,1.10,30.00,121.88
16417,28.85,1.15,30.00,121.88
16429,29.26,0.74,30.00,121.88
16441,29.66,0.34,30.00,121.88
16453,28.78,1.22,30.00,121.88
16465,28.78,1.22,30.00,121.88
16477,28.34,1.66,30.00,123.23
16489,27.88,2.12,30.00,123.23
16501,31.24,-1.24,30.00,123.23
16513,31.24,-1.24,30.00,123.23
16525,31.24,-1.24,30.00,123.23
16537,31.24,-1.24,30.00,123.23
16549,31.24,-1.24,30.00,123.23
16561,31.24,-1.24,30.00,123.23
16573,28.88,1.12,30.00,123.23
16585,27.64,2.36,30.00,123.36
16597,28.47,1.53,30.00,123.36
16609,27.57,2.43,30.00,123.36
16621,28.00,2.00,30.00,123.36
16633,28.00,2.00,30.00,123.36
16645,28.83,1.17,30.00,123.36
16657,29.72,0.28,30.00,123.36
16669,30.12,-0.12,30.00,123.36
16681,28.05,1.95,30.00,123.36
16693,28.05,1.95,30.00,122.27
16705,28.12,1.88,30.00,122.27
16717,28.59,1.41,30.00,122.27
16729,28.17,1.83,30.00,122.27
16741,28.22,1.78,30.00,122.27
16753,28.71,1.29,30.00,122.27
16765,28.71,1.29,30.00,122.27
16777,29.17,0.83,30.00,122.27
16789,29.65,0.35,30.00,122.27
16801,28.83,1.17,30.00,121.76
16813,28.46,1.54,30.00,121.76
16825,28.88,1.12,30.00,121.76
16837,28.10,1.90,30.00,121.76
16849,28.12,1.88,30.00,121.76
16861,28.93,1.07,30.00,121.76
16873,28.52,1.48,30.00,121.76
16885,28.93,1.07,30.00,121.76
16897,28.93,1.07,30.00,121.76
16909,28.52,1.48,30.00,123.29
16921,28.12,1.88,30.00,123.29
16933,29.00,1.00,30.00,123.29
16945,29.00,1.00,30.00,123.29
16957,29.41,0.59,30.00,123.29
16969,28.10,1.90,30.00,123.29
16981,28.52,1.48,30.00,123.29
16993,28.12,1.88,30.00,123.29
17005,28.93,1.07,30.00,123.29
17017,28.93,1.07,30.00,122.51
17029,28.93,1.07,30.00,122.51
17041,28.52,1.48,30.00,122.51
17053,28.12,1.88,30.00,122.51
17065,29.00,1.00,30.00,122.51
17077,28.59,1.41,30.00,122.51
17089,29.05,0.95,30.00,122.51
17101,28.24,1.76,30.00,122.51
17113,29.05,0.95,30.00,122.51
17125,31.67,-1.67,30.00,118.78
17137,28.64,1.36,30.00,118.78
17149,30.36,-0.36,30.00,118.78
17161,29.95,0.05,30.00,118.78
17173,29.54,0.46,30.00,118.78
17185,28.71,1.29,30.00,118.78
17197,29.53,0.47,30.00,118.78
17209,29.48,0.52,30.00,118.78
17221,29.05,0.95,30.00,118.78
17233,28.58,1.42,30.00,126.52
17245,31.55,-1.55,30.00,126.52
17257,29.83,0.17,30.00,126.52
17269,28.95,1.05,30.00,126.52
17281,28.47,1.53,30.00,126.52
17293,29.29,0.71,30.00,126.52
17305,29.24,0.76,30.00,126.52
17317,29.17,0.83,30.00,126.52
17329,29.17,0.83,30.00,126.52
17341,30.89,-0.89,30.00,119.59
17353,28.29,1.71,30.00,119.59
17365,28.35,1.65,30.00,119.59
17377,29.24,0.76,30.00,119.59
17389,29.29,0.71,30.00,119.59
17401,28.95,1.05,30.00,119.59
17413,28.52,1.48,30.00,119.59
17425,29.48,0.52,30.00,119.59
17437,29.12,0.88,30.00,119.59
17449,28.76,1.24,30.00,125.42
17461,29.72,0.28,30.00,125.42
17473,28.88,1.12,30.00,125.42
17485,29.41,0.59,30.00,125.42
17497,29.07,0.93,30.00,125.42
17509,30.02,-0.02,30.00,125.42
17521,29.17,0.83,30.00,125.42
17533,29.36,0.64,30.00,125.42
17545,30.17,-0.17,30.00,125.42
17557,29.77,0.23,30.00,121.63
17569,29.83,0.17,30.00,121.63
17581,30.33,-0.33,30.00,121.63
17593,29.90,0.10,30.00,121.63
17605,30.40,-0.40,30.00,121.63
17617,30.02,-0.02,30.00,121.63
17629,32.16,-2.16,30.00,121.63
17641,30.06,-0.06,30.00,121.63
17653,29.65,0.35,30.00,121.63
17665,29.72,0.28,30.00,122.86
17677,31.01,-1.01,30.00,122.86
17689,32.72,-2.72,30.00,122.86
17701,31.84,-1.84,30.00,122.86
17713,29.72,0.28,30.00,122.86
17725,29.72,0.28,30.00,122.86
17737,29.70,0.30,30.00,122.86
17749,29.72,0.28,30.00,122.86
17761,30.96,-0.96,30.00,122.86
17773,31.84,-1.84,30.00,119.48
17785,30.55,-0.55,30.00,119.48
17797,29.65,0.35,30.00,119.48
17809,30.07,-0.07,30.00,119.48
17821,31.31,-1.31,30.00,119.48
17833,31.36,-1.36,30.00,119.48
17845,30.53,-0.53,30.00,119.48
17857,29.65,0.35,30.00,119.48
17869,30.48,-0.48,30.00,119.48
17881,30.06,-0.06,30.00,124.42
17893,30.48,-0.48,30.00,124.42
17905,30.48,-0.48,30.00,124.42
17917,30.02,-0.02,30.00,124.42
17929,30.43,-0.43,30.00,124.42
17941,30.43,-0.43,30.00,124.42
17953,29.95,0.05,30.00,124.42
17965,29.95,0.05,30.00,124.42
17977,29.95,0.05,30.00,124.42
17989,29.53,0.47,30.00,123.25
18001,29.95,0.05,30.00,123.25
18013,29.95,0.05,30.00,123.25
18025,30.84,-0.84,30.00,123.25
18037,30.00,-0.00,30.00,123.25
18049,30.00,-0.00,30.00,123.25
18061,29.60,0.40,30.00,123.25
18073,30.41,-0.41,30.00,123.25
18085,30.02,-0.02,30.00,123.25
18097,30.02,-0.02,30.00,121.95
18109,31.79,-1.79,30.00,121.95
18121,30.07,-0.07,30.00,121.95
18133,29.65,0.35,30.00,121.95
18145,30.55,-0.55,30.00,121.95
18157,29.72,0.28,30.00,121.95
18169,30.12,-0.12,30.00,121.95
18181,30.12,-0.12,30.00,121.95
18193,33.15,-3.15,30.00,121.95
18205,31.89,-1.89,30.00,119.53
18217,29.77,0.23,30.00,119.53
18229,29.77,0.23,30.00,119.53
18241,29.78,0.22,30.00,119.53
18253,30.19,-0.19,30.00,119.53
18265,32.32,-2.32,30.00,119.53
18277,31.02,-1.02,30.00,119.53
18289,29.78,0.22,30.00,119.53
18301,31.08,-1.08,30.00,119.53
18313,30.19,-0.19,30.00,124.05
18325,29.77,0.23,30.00,124.05
18337,30.60,-0.60,30.00,124.05
18349,31.01,-1.01,30.00,124.05
18361,29.72,0.28,30.00,124.05
18373,29.72,0.28,30.00,124.05
18385,30.60,-0.60,30.00,124.05
18397,29.72,0.28,30.00,124.05
18409,29.72,0.28,30.00,124.05
18421,29.72,0.28,30.00,122.88
18433,30.12,-0.12,30.00,122.88
18445,30.12,-0.12,30.00,122.88
18457,29.72,0.28,30.00,122.88
18469,30.60,-0.60,30.00,122.88
18481,31.02,-1.02,30.00,122.88
18493,30.60,-0.60,30.00,122.88
18505,30.19,-0.19,30.00,122.88
18517,29.72,0.28,30.00,122.88
18529,31.45,-1.45,30.00,119.63
18541,30.14,-0.14,30.00,119.63
18553,30.14,-0.14,30.00,119.63
18565,30.55,-0.55,30.00,119.63
18577,30.55,-0.55,30.00,119.63
18589,31.40,-1.40,30.00,119.63
18601,30.56,-0.56,30.00,119.63
18613,30.14,-0.14,30.00,119.63
18625,29.34,0.66,30.00,119.63
18637,29.77,0.23,30.00,124.04
18649,30.19,-0.19,30.00,124.04
18661,30.17,-0.17,30.00,124.04
18673,31.01,-1.01,30.00,124.04
18685,29.72,0.28,30.00,124.04
18697,29.77,0.23,30.00,124.04
18709,30.60,-0.60,30.00,124.04
18721,29.72,0.28,30.00,124.04
18733,30.12,-0.12,30.00,124.04
18745,30.12,-0.12,30.00,121.62
18757,29.29,0.71,30.00,121.62
18769,29.31,0.69,30.00,121.62
18781,30.14,-0.14,30.00,121.62
18793,29.73,0.27,30.00,121.62
18805,32.32,-2.32,30.00,121.62
18817,29.77,0.23,30.00,121.62
18829,30.67,-0.67,30.00,121.62
18841,31.08,-1.08,30.00,121.62
18853,31.43,-1.43,30.00,119.92
18865,30.60,-0.60,30.00,119.92
18877,31.50,-1.50,30.00,119.92
18889,31.89,-1.89,30.00,119.92
18901,31.01,-1.01,30.00,119.92
18913,29.77,0.23,30.00,119.92
18925,31.01,-1.01,30.00,119.92
18937,30.60,-0.60,30.00,119.92
18949,29.72,0.28,30.00,119.92
18961,30.55,-0.55,30.00,122.59
18973,32.25,-2.25,30.00,122.59
18985,30.60,-0.60,30.00,122.59
18997,31.02,-1.02,30.00,122.59
19009,31.43,-1.43,30.00,122.59
19021,31.43,-1.43,30.00,122.59
19033,31.43,-1.43,30.00,122.59
19045,31.43,-1.43,30.00,122.59
19057,31.43,-1.43,30.00,122.59
19069,31.43,-1.43,30.00,120.12
19081,39.20,-9.20,30.00,120.12
19093,29.24,0.76,30.00,120.12
19105,29.65,0.35,30.00,120.12
19117,29.19,0.81,30.00,120.12
19129,31.31,-1.31,30.00,120.12
19141,29.60,0.40,30.00,120.12
19153,30.84,-0.84,30.00,120.12
19165,29.95,0.05,30.00,120.12
19177,31.19,-1.19,30.00,121.28
19189,30.24,-0.24,30.00,121.28
19201,29.36,0.64,30.00,121.28
19213,29.36,0.64,30.00,121.28
19225,29.29,0.71,30.00,121.28
19237,29.24,0.76,30.00,121.28
19249,29.17,0.83,30.00,121.28
19261,31.67,-1.67,30.00,121.28
19273,30.33,-0.33,30.00,121.28
19285,29.41,0.59,30.00,123.67
19297,30.24,-0.24,30.00,123.67
19309,29.37,0.62,30.00,123.67
19321,28.85,1.15,30.00,123.67
19333,28.37,1.63,30.00,123.67
19345,28.30,1.70,30.00,123.67
19357,29.54,0.46,30.00,123.67
19369,29.88,0.12,30.00,123.67
19381,29.00,1.00,30.00,123.67
19393,29.77,0.23,30.00,121.19
19405,28.05,1.95,30.00,121.19
19417,28.47,1.53,30.00,121.19
19429,28.00,2.00,30.00,121.19
19441,28.41,1.59,30.00,121.19
19453,30.07,-0.07,30.00,121.19
19465,30.53,-0.53,30.00,121.19
19477,28.41,1.59,30.00,121.19
19489,28.88,1.12,30.00,121.19
19501,28.95,1.05,30.00,122.92
19513,28.52,1.48,30.00,122.92
19525,28.12,1.88,30.00,122.92
19537,29.00,1.00,30.00,122.92
19549,28.52,1.48,30.00,122.92
19561,29.41,0.59,30.00,122.92
19573,30.24,-0.24,30.00,122.92
19585,28.95,1.05,30.00,122.92
19597,28.52,1.48,30.00,122.92
19609,28.12,1.88,30.00,123.48
19621,28.93,1.07,30.00,123.48
19633,28.93,1.07,30.00,123.48
19645,28.95,1.05,30.00,123.48
19657,28.47,1.53,30.00,123.48
19669,28.47,1.53,30.00,123.48
19681,31.08,-1.08,30.00,123.48
19693,29.41,0.59,30.00,123.48
19705,28.12,1.88,30.00,123.48
19717,28.54,1.46,30.00,122.14
19729,28.52,1.48,30.00,122.14
19741,28.52,1.48,30.00,122.14
19753,28.93,1.07,30.00,122.14
19765,28.95,1.05,30.00,122.14
19777,38.44,-8.44,30.00,122.14
19789,28.52,1.48,30.00,122.14
19801,28.95,1.05,30.00,122.14
19813,30.19,-0.19,30.00,122.14
19825,28.49,1.51,30.00,122.91
19837,28.08,1.92,30.00,122.91
19849,28.97,1.03,30.00,122.91
19861,28.90,1.10,30.00,122.91
19873,29.37,0.62,30.00,122.91
19885,28.49,1.51,30.00,122.91
19897,28.49,1.51,30.00,122.91
19909,28.85,1.15,30.00,122.91
19921,31.87,-1.87,30.00,122.91
19933,29.73,0.27,30.00,121.10
19945,28.49,1.51,30.00,121.10
19957,28.47,1.53,30.00,121.10
19969,29.77,0.23,30.00,121.10
19981,29.77,0.23,30.00,121.10
19993,28.88,1.12,30.00,121.10
20005,28.46,1.54,30.00,121.10
20017,29.34,0.66,30.00,121.10
20029,29.36,0.64,30.00,121.10
20041,28.93,1.07,30.00,123.79
20053,29.41,0.59,30.00,123.79
20065,28.12,1.88,30.00,123.79
20077,29.83,0.17,30.00,123.79
20089,29.36,0.64,30.00,123.79
20101,29.77,0.23,30.00,123.79
20113,30.19,-0.19,30.00,123.79
20125,28.93,1.07,30.00,123.79
20137,28.52,1.48,30.00,123.79
20149,28.52,1.48,30.00,123.70
20161,29.41,0.59,30.00,123.70
20173,28.12,1.88,30.00,123.70
20185,29.41,0.59,30.00,123.70
20197,30.72,-0.72,30.00,123.70
20209,29.83,0.17,30.00,123.70
20221,28.58,1.42,30.00,123.70
20233,29.05,0.95,30.00,123.70
20245,30.36,-0.36,30.00,123.70
20257,29.48,0.52,30.00,121.94
20269,30.36,-0.36,30.00,121.94
20281,30.84,-0.84,30.00,121.94
20293,31.24,-1.24,30.00,121.94
20305,29.12,0.88,30.00,121.94
20317,29.12,0.88,30.00,121.94
20329,30.00,-0.00,30.00,121.94
20341,29.17,0.83,30.00,121.94
20353,30.06,-0.06,30.00,121.94
20365,28.78,1.22,30.00,124.19
20377,29.17,0.83,30.00,124.19
20389,30.90,-0.90,30.00,124.19
20401,31.31,-1.31,30.00,124.19
20413,29.66,0.34,30.00,124.19
20425,29.65,0.35,30.00,124.19
20437,28.83,1.17,30.00,124.19
20449,30.14,-0.14,30.00,124.19
20461,29.72,0.28,30.00,124.19
20473,30.12,-0.12,30.00,121.45
20485,28.83,1.17,30.00,121.45
20497,29.31,0.69,30.00,121.45
20509,29.72,0.28,30.00,121.45
20521,31.84,-1.84,30.00,121.45
20533,28.47,1.53,30.00,121.45
20545,28.88,1.12,30.00,121.45
20557,29.29,0.71,30.00,121.45
20569,29.72,0.28,30.00,121.45
20581,29.72,0.28,30.00,123.59
20593,29.31,0.69,30.00,123.59
20605,29.31,0.69,30.00,123.59
20617,29.77,0.23,30.00,123.59
20629,29.78,0.22,30.00,123.59
20641,29.36,0.64,30.00,123.59
20653,28.95,1.05,30.00,123.59
20665,28.95,1.05,30.00,123.59
20677,28.97,1.03,30.00,123.59
20689,29.37,0.62,30.00,123.71
20701,29.83,0.17,30.00,123.71
20713,29.83,0.17,30.00,123.71
20725,29.43,0.57,30.00,123.71
20737,29.00,1.00,30.00,123.71
20749,32.01,-2.01,30.00,123.71
20761,30.31,-0.31,30.00,123.71
20773,29.88,0.12,30.00,123.71
20785,29.07,0.93,30.00,123.71
20797,30.36,-0.36,30.00,121.85
20809,30.79,-0.79,30.00,121.85
20821,29.54,0.46,30.00,121.85
20833,29.12,0.88,30.00,121.85
20845,28.76,1.24,30.00,121.85
20857,28.76,1.24,30.00,121.85
20869,29.60,0.40,30.00,121.85
20881,30.00,-0.00,30.00,121.85
20893,29.12,0.88,30.00,121.85
20905,30.00,-0.00,30.00,123.47
20917,29.60,0.40,30.00,123.47
20929,29.17,0.83,30.00,123.47
20941,29.65,0.35,30.00,123.47
20953,29.17,0.83,30.00,123.47
20965,30.00,-0.00,30.00,123.47
20977,28.71,1.29,30.00,123.47
20989,29.48,0.52,30.00,123.47
21001,29.12,0.88,30.00,123.47
21013,29.17,0.83,30.00,124.39
21025,29.17,0.83,30.00,124.39
21037,29.12,0.88,30.00,124.39
21049,29.95,0.05,30.00,124.39
21061,31.26,-1.26,30.00,124.39
21073,29.19,0.81,30.00,124.39
21085,29.19,0.81,30.00,124.39
21097,29.60,0.40,30.00,124.39
21109,29.60,0.40,30.00,124.39
21121,29.60,0.40,30.00,122.91
21133,29.24,0.76,30.00,122.91
21145,28.78,1.22,30.00,122.91
21157,30.07,-0.07,30.00,122.91
21169,28.83,1.17,30.00,122.91
21181,29.24,0.76,30.00,122.91
21193,28.81,1.19,30.00,122.91
21205,30.12,-0.12,30.00,122.91
21217,29.29,0.71,30.00,122.91
21229,29.31,0.69,30.00,123.90
21241,29.77,0.23,30.00,123.90
21253,30.19,-0.19,30.00,123.90
21265,30.17,-0.17,30.00,123.90
21277,29.72,0.28,30.00,123.90
21289,28.88,1.12,30.00,123.90
21301,29.29,0.71,30.00,123.90
21313,31.86,-1.86,30.00,123.90
21325,31.43,-1.43,30.00,123.90
21337,29.29,0.71,30.00,123.70
21349,28.95,1.05,30.00,123.70
21361,40.56,-10.56,30.00,123.70
21373,29.78,0.22,30.00,123.70
21385,30.24,-0.24,30.00,123.70
21397,29.43,0.57,30.00,123.70
21409,31.14,-1.14,30.00,123.70
21421,30.74,-0.74,30.00,123.70
21433,31.57,-1.57,30.00,123.70
21445,31.57,-1.57,30.00,120.17
21457,31.57,-1.57,30.00,120.17
21469,31.57,-1.57,30.00,120.17
21481,31.57,-1.57,30.00,120.17
21493,31.57,-1.57,30.00,120.17
21505,29.61,0.39,30.00,120.17
21517,31.33,-1.33,30.00,120.17
21529,30.90,-0.90,30.00,120.17
21541,30.55,-0.55,30.00,120.17
21553,29.29,0.71,30.00,126.11
21565,29.72,0.28,30.00,126.11
21577,31.08,-1.08,30.00,126.11
21589,29.36,0.64,30.00,126.11
21601,30.17,-0.17,30.00,126.11
21613,30.96,-0.96,30.00,126.11
21625,30.96,-0.96,30.00,126.11
21637,30.96,-0.96,30.00,126.11
21649,30.96,-0.96,30.00,126.11
21661,30.96,-0.96,30.00,121.02
21673,30.96,-0.96,30.00,121.02
21685,38.73,-8.73,30.00,121.02
21697,30.29,-0.29,30.00,121.02
21709,39.80,-9.80,30.00,121.02
21721,30.43,-0.43,30.00,121.02
21733,30.16,-0.16,30.00,121.02
21745,29.80,0.20,30.00,121.02
21757,30.28,-0.28,30.00,121.02
21769,30.33,-0.33,30.00,123.75
21781,29.97,0.03,30.00,123.75
21793,30.92,-0.92,30.00,123.75
21805,30.97,-0.97,30.00,123.75
21817,31.91,-1.91,30.00,123.75
21829,31.55,-1.55,30.00,123.75
21841,32.01,-2.01,30.00,123.75
21853,31.19,-1.19,30.00,123.75
21865,30.84,-0.84,30.00,123.75
21877,31.31,-1.31,30.00,121.43
21889,30.48,-0.48,30.00,121.43
21901,31.77,-1.77,30.00,121.43
21913,30.89,-0.89,30.00,121.43
21925,31.77,-1.77,30.00,121.43
21937,31.01,-1.01,30.00,121.43
21949,31.43,-1.43,30.00,121.43
21961,31.52,-1.52,30.00,121.43
21973,31.13,-1.13,30.00,121.43
21985,31.13,-1.13,30.00,122.64
21997,31.96,-1.96,30.00,122.64
22009,31.96,-1.96,30.00,122.64
22021,30.72,-0.72,30.00,122.64
22033,32.44,-2.44,30.00,122.64
22045,32.38,-2.38,30.00,122.64
22057,31.57,-1.57,30.00,122.64
22069,31.98,-1.98,30.00,122.64
22081,31.09,-1.09,30.00,122.64
22093,31.50,-1.50,30.00,121.68
22105,33.57,-3.57,30.00,121.68
22117,31.82,-1.82,30.00,121.68
22129,32.16,-2.16,30.00,121.68
22141,32.98,-2.98,30.00,121.68
22153,30.85,-0.85,30.00,121.68
22165,31.69,-1.69,30.00,121.68
22177,30.74,-0.74,30.00,121.68
22189,31.14,-1.14,30.00,121.68
22201,30.21,-0.21,30.00,123.93
22213,30.14,-0.14,30.00,123.93
22225,31.33,-1.33,30.00,123.93
22237,30.36,-0.36,30.00,123.93
22249,30.77,-0.77,30.00,123.93
22261,29.83,0.17,30.00,123.93
22273,30.14,-0.14,30.00,123.93
22285,30.09,-0.09,30.00,123.93
22297,30.87,-0.87,30.00,123.93
22309,29.54,0.46,30.00,123.51
22321,29.88,0.12,30.00,123.51
22333,29.43,0.57,30.00,123.51
22345,30.19,-0.19,30.00,123.51
22357,31.01,-1.01,30.00,123.51
22369,30.53,-0.53,30.00,123.51
22381,30.12,-0.12,30.00,123.51
22393,29.24,0.76,30.00,123.51
22405,29.60,0.40,30.00,123.51
22417,31.72,-1.72,30.00,119.38
22429,30.00,-0.00,30.00,119.38
22441,29.19,0.81,30.00,119.38
22453,29.17,0.83,30.00,119.38
22465,29.60,0.40,30.00,119.38
22477,29.60,0.40,30.00,119.38
22489,29.60,0.40,30.00,119.38
22501,30.43,-0.43,30.00,119.38
22513,30.00,-0.00,30.00,119.38
22525,29.65,0.35,30.00,124.86
22537,30.07,-0.07,30.00,124.86
22549,30.89,-0.89,30.00,124.86
22561,30.89,-0.89,30.00,124.86
22573,30.55,-0.55,30.00,124.86
22585,29.72,0.28,30.00,124.86
22597,30.55,-0.55,30.00,124.86
22609,29.66,0.34,30.00,124.86
22621,29.65,0.35,30.00,124.86
22633,31.36,-1.36,30.00,119.86
22645,31.36,-1.36,30.00,119.86
22657,30.53,-0.53,30.00,119.86
22669,29.72,0.28,30.00,119.86
22681,29.77,0.23,30.00,119.86
22693,29.36,0.64,30.00,119.86
22705,30.24,-0.24,30.00,119.86
22717,29.83,0.17,30.00,119.86
22729,29.41,0.59,30.00,119.86
22741,29.88,0.12,30.00,123.94
22753,30.24,-0.24,30.00,123.94
22765,30.67,-0.67,30.00,123.94
22777,30.72,-0.72,30.00,123.94
22789,29.88,0.12,30.00,123.94
22801,30.72,-0.72,30.00,123.94
22813,30.31,-0.31,30.00,123.94
22825,30.31,-0.31,30.00,123.94
22837,29.41,0.59,30.00,123.94
22849,30.31,-0.31,30.00,121.62
22861,32.42,-2.42,30.00,121.62
22873,31.60,-1.60,30.00,121.62
22885,30.77,-0.77,30.00,121.62
22897,29.94,0.06,30.00,121.62
22909,30.36,-0.36,30.00,121.62
22921,30.77,-0.77,30.00,121.62
22933,29.88,0.12,30.00,121.62
22945,31.19,-1.19,30.00,121.62
22957,29.88,0.12,30.00,122.73
22969,29.88,0.12,30.00,122.73
22981,31.16,-1.16,30.00,122.73
22993,38.93,-8.93,30.00,122.73
23005,30.80,-0.80,30.00,122.73
23017,30.33,-0.33,30.00,122.73
23029,30.33,-0.33,30.00,122.73
23041,30.26,-0.26,30.00,122.73
23053,31.09,-1.09,30.00,122.73
23065,30.63,-0.63,30.00,121.08
23077,29.78,0.22,30.00,121.08
23089,30.33,-0.33,30.00,121.08
23101,30.19,-0.19,30.00,121.08
23113,31.84,-1.84,30.00,121.08
23125,29.72,0.28,30.00,121.08
23137,30.12,-0.12,30.00,121.08
23149,30.07,-0.07,30.00,121.08
23161,30.58,-0.58,30.00,121.08
23173,29.60,0.40,30.00,123.47
23185,29.53,0.47,30.00,123.47
23197,29.92,0.08,30.00,123.47
23209,28.61,1.39,30.00,123.47
23221,30.22,-0.22,30.00,123.47
23233,29.37,0.62,30.00,123.47
23245,28.49,1.51,30.00,123.47
23257,29.20,0.80,30.00,123.47
23269,29.20,0.80,30.00,123.47
23281,29.15,0.85,30.00,123.07
23293,28.68,1.32,30.00,123.07
23305,29.92,0.08,30.00,123.07
23317,28.54,1.46,30.00,123.07
23329,28.97,1.03,30.00,123.07
23341,28.54,1.46,30.00,123.07
23353,29.37,0.62,30.00,123.07
23365,29.80,0.20,30.00,123.07
23377,29.37,0.62,30.00,123.07
23389,28.47,1.53,30.00,123.78
23401,29.73,0.27,30.00,123.78
23413,29.73,0.27,30.00,123.78
23425,29.78,0.22,30.00,123.78
23437,28.13,1.87,30.00,123.78
23449,28.52,1.48,30.00,123.78
23461,29.83,0.17,30.00,123.78
23473,29.43,0.57,30.00,123.78
23485,29.00,1.00,30.00,123.78
23497,29.00,1.00,30.00,122.40
23509,29.00,1.00,30.00,122.40
23521,30.31,-0.31,30.00,122.40
23533,30.72,-0.72,30.00,122.40
23545,29.95,0.05,30.00,122.40
23557,30.36,-0.36,30.00,122.40
23569,29.12,0.88,30.00,122.40
23581,29.19,0.81,30.00,122.40
23593,28.76,1.24,30.00,122.40
23605,29.17,0.83,30.00,122.86
23617,30.84,-0.84,30.00,122.86
23629,29.54,0.46,30.00,122.86
23641,28.69,1.31,30.00,122.86
23653,29.12,0.88,30.00,122.86
23665,29.12,0.88,30.00,122.86
23677,29.12,0.88,30.00,122.86
23689,29.54,0.46,30.00,122.86
23701,29.49,0.51,30.00,122.86
23713,29.07,0.93,30.00,123.33
23725,30.36,-0.36,30.00,123.33
23737,29.02,0.98,30.00,123.33
23749,29.02,0.98,30.00,123.33
23761,30.68,-0.68,30.00,123.33
23773,29.37,0.62,30.00,123.33
23785,28.90,1.10,30.00,123.33
23797,32.28,-2.28,30.00,123.33
23809,28.85,1.15,30.00,123.33
23821,29.72,0.28,30.00,122.33
23833,28.88,1.12,30.00,122.33
23845,28.88,1.12,30.00,122.33
23857,28.90,1.10,30.00,122.33
23869,28.90,1.10,30.00,122.33
23881,29.31,0.69,30.00,122.33
23893,28.83,1.17,30.00,122.33
23905,29.66,0.34,30.00,122.33
23917,30.53,-0.53,30.00,122.33
23929,30.12,-0.12,30.00,122.44
23941,29.24,0.76,30.00,122.44
23953,28.35,1.65,30.00,122.44
23965,28.76,1.24,30.00,122.44
23977,29.61,0.39,30.00,122.44
23989,28.30,1.70,30.00,122.44
24001,28.73,1.27,30.00,122.44
24013,29.15,0.85,30.00,122.44
24025,29.54,0.46,30.00,122.44
24037,28.64,1.36,30.00,125.23
24049,29.07,0.93,30.00,125.23
24061,29.83,0.17,30.00,125.23
24073,29.83,0.17,30.00,125.23
24085,28.95,1.05,30.00,125.23
24097,28.88,1.12,30.00,125.23
24109,30.19,-0.19,30.00,125.23
24121,29.31,0.69,30.00,125.23
24133,28.88,1.12,30.00,125.23
24145,29.29,0.71,30.00,122.74
24157,28.42,1.58,30.00,122.74
24169,28.88,1.12,30.00,122.74
24181,29.72,0.28,30.00,122.74
24193,28.01,1.99,30.00,122.74
24205,29.37,0.62,30.00,122.74
24217,28.54,1.46,30.00,122.74
24229,28.97,1.03,30.00,122.74
24241,36.74,-6.74,30.00,122.74
24253,29.44,0.56,30.00,123.32
24265,28.61,1.39,30.00,123.32
24277,28.56,1.44,30.00,123.32
24289,29.36,0.64,30.00,123.32
24301,28.54,1.46,30.00,123.32
24313,28.12,1.88,30.00,123.32
24325,28.12,1.88,30.00,123.32
24337,29.43,0.57,30.00,123.32
24349,28.12,1.88,30.00,123.32
24361,29.78,0.22,30.00,123.04
24373,28.54,1.46,30.00,123.04
24385,29.83,0.17,30.00,123.04
24397,28.52,1.48,30.00,123.04
24409,29.00,1.00,30.00,123.04
24421,28.19,1.81,30.00,123.04
24433,29.00,1.00,30.00,123.04
24445,28.20,1.80,30.00,123.04
24457,28.61,1.39,30.00,123.04
24469,29.44,0.56,30.00,123.99
24481,29.03,0.97,30.00,123.99
24493,29.51,0.49,30.00,123.99
24505,28.68,1.32,30.00,123.99
24517,29.09,0.91,30.00,123.99
24529,29.56,0.44,30.00,123.99
24541,29.97,0.03,30.00,123.99
24553,28.73,1.27,30.00,123.99
24565,28.78,1.22,30.00,123.99
24577,28.37,1.63,30.00,125.39
24589,28.41,1.59,30.00,125.39
24601,29.66,0.34,30.00,125.39
24613,30.53,-0.53,30.00,125.39
24625,29.31,0.69,30.00,125.39
24637,30.19,-0.19,30.00,125.39
24649,30.19,-0.19,30.00,125.39
24661,29.29,0.71,30.00,125.39
24673,29.31,0.69,30.00,125.39
24685,29.36,0.64,30.00,122.85
24697,30.24,-0.24,30.00,122.85
24709,29.41,0.59,30.00,122.85
24721,28.59,1.41,30.00,122.85
24733,30.72,-0.72,30.00,122.85
24745,32.44,-2.44,30.00,122.85
24757,30.31,-0.31,30.00,122.85
24769,29.05,0.95,30.00,122.85
24781,29.07,0.93,30.00,122.85
24793,30.77,-0.77,30.00,121.81
24805,30.36,-0.36,30.00,121.81
24817,30.84,-0.84,30.00,121.81
24829,29.54,0.46,30.00,121.81
24841,29.14,0.86,30.00,121.81
24853,29.54,0.46,30.00,121.81
24865,29.95,0.05,30.00,121.81
24877,29.48,0.52,30.00,121.81
24889,29.90,0.10,30.00,121.81
24901,30.74,-0.74,30.00,123.34
24913,29.02,0.98,30.00,123.34
24925,29.85,0.15,30.00,123.34
24937,29.85,0.15,30.00,123.34
24949,29.00,1.00,30.00,123.34
24961,29.41,0.59,30.00,123.34
24973,29.00,1.00,30.00,123.34
24985,29.41,0.59,30.00,123.34
24997,30.24,-0.24,30.00,123.34
25009,29.36,0.64,30.00,125.38
25021,29.36,0.64,30.00,125.38
25033,28.93,1.07,30.00,125.38
25045,29.36,0.64,30.00,125.38
25057,28.88,1.12,30.00,125.38
25069,28.95,1.05,30.00,125.38
25081,28.52,1.48,30.00,125.38
25093,29.41,0.59,30.00,125.38
25105,28.59,1.41,30.00,125.38
25117,30.72,-0.72,30.00,121.77
25129,29.41,0.59,30.00,121.77
25141,29.41,0.59,30.00,121.77
25153,29.43,0.57,30.00,121.77
25165,29.48,0.52,30.00,121.77
25177,29.94,0.06,30.00,121.77
25189,30.36,-0.36,30.00,121.77
25201,29.95,0.05,30.00,121.77
25213,29.97,0.03,30.00,121.77
25225,29.12,0.88,30.00,125.73
25237,30.43,-0.43,30.00,125.73
25249,30.85,-0.85,30.00,125.73
25261,29.95,0.05,30.00,125.73
25273,30.36,-0.36,30.00,125.73
25285,31.19,-1.19,30.00,125.73
25297,30.79,-0.79,30.00,125.73
25309,29.95,0.05,30.00,125.73
25321,29.53,0.47,30.00,125.73
25333,30.36,-0.36,30.00,122.09
25345,29.12,0.88,30.00,122.09
25357,29.95,0.05,30.00,122.09
25369,30.36,-0.36,30.00,122.09
25381,31.26,-1.26,30.00,122.09
25393,30.36,-0.36,30.00,122.09
25405,29.53,0.47,30.00,122.09
25417,28.71,1.29,30.00,122.09
25429,29.97,0.03,30.00,122.09
25441,29.56,0.44,30.00,124.70
25453,29.56,0.44,30.00,124.70
25465,29.97,0.03,30.00,124.70
25477,29.97,0.03,30.00,124.70
25489,31.26,-1.26,30.00,124.70
25501,31.26,-1.26,30.00,124.70
25513,31.26,-1.26,30.00,124.70
25525,31.26,-1.26,30.00,124.70
25537,31.26,-1.26,30.00,124.70
25549,31.26,-1.26,30.00,121.17
25561,39.03,-9.03,30.00,121.17
25573,28.66,1.34,30.00,121.17
25585,29.09,0.91,30.00,121.17
25597,30.79,-0.79,30.00,121.17
25609,30.38,-0.38,30.00,121.17
25621,31.21,-1.21,30.00,121.17
25633,29.07,0.93,30.00,121.17
25645,29.12,0.88,30.00,121.17
25657,30.36,-0.36,30.00,124.32
25669,30.36,-0.36,30.00,124.32
25681,29.88,0.12,30.00,124.32
25693,29.05,0.95,30.00,124.32
25705,29.12,0.88,30.00,124.32
25717,30.41,-0.41,30.00,124.32
25729,29.53,0.47,30.00,124.32
25741,29.95,0.05,30.00,124.32
25753,29.49,0.51,30.00,124.32
25765,29.09,0.91,30.00,125.28
25777,29.97,0.03,30.00,125.28
25789,29.09,0.91,30.00,125.28
25801,29.07,0.93,30.00,125.28
25813,29.97,0.03,30.00,125.28
25825,31.21,-1.21,30.00,125.28
25837,31.26,-1.26,30.00,125.28
25849,29.54,0.46,30.00,125.28
25861,30.85,-0.85,30.00,125.28
25873,30.45,-0.45,30.00,121.83
25885,31.28,-1.28,30.00,121.83
25897,29.20,0.80,30.00,121.83
25909,29.66,0.34,30.00,121.83
25921,29.68,0.32,30.00,121.83
25933,29.27,0.73,30.00,121.83
25945,30.14,-0.14,30.00,121.83
25957,29.31,0.69,30.00,121.83
25969,30.21,-0.21,30.00,121.83
25981,29.37,0.62,30.00,124.99
25993,28.93,1.07,30.00,124.99
26005,29.36,0.64,30.00,124.99
26017,29.78,0.22,30.00,124.99
26029,29.83,0.17,30.00,124.99
26041,29.43,0.57,30.00,124.99
26053,29.00,1.00,30.00,124.99
26065,30.29,-0.29,30.00,124.99
26077,29.88,0.12,30.00,124.99
26089,30.72,-0.72,30.00,121.75
26101,31.60,-1.60,30.00,121.75
26113,32.01,-2.01,30.00,121.75
26125,29.88,0.12,30.00,121.75
26137,29.88,0.12,30.00,121.75
26149,29.48,0.52,30.00,121.75
26161,29.07,0.93,30.00,121.75
26173,29.48,0.52,30.00,121.75
26185,30.74,-0.74,30.00,121.75
26197,29.90,0.10,30.00,124.44
26209,30.33,-0.33,30.00,124.44
26221,29.07,0.93,30.00,124.44
26233,29.90,0.10,30.00,124.44
26245,30.74,-0.74,30.00,124.44
26257,29.02,0.98,30.00,124.44
26269,30.74,-0.74,30.00,124.44
26281,29.85,0.15,30.00,124.44
26293,29.43,0.57,30.00,124.44
26305,29.90,0.10,30.00,123.54
26317,29.07,0.93,30.00,123.54
26329,29.90,0.10,30.00,123.54
26341,30.33,-0.33,30.00,123.54
26353,30.74,-0.74,30.00,123.54
26365,30.74,-0.74,30.00,123.54
26377,29.49,0.51,30.00,123.54
26389,29.07,0.93,30.00,123.54
26401,29.07,0.93,30.00,123.54
26413,30.79,-0.79,30.00,122.16
26425,31.62,-1.62,30.00,122.16
26437,31.69,-1.69,30.00,122.16
26449,33.81,-3.81,30.00,122.16
26461,32.10,-2.10,30.00,122.16
26473,32.10,-2.10,30.00,122.16
26485,32.10,-2.10,30.00,122.16
26497,32.10,-2.10,30.00,122.16
26509,32.10,-2.10,30.00,122.16
26521,32.10,-2.10,30.00,120.96
26533,39.87,-9.87,30.00,120.96
26545,29.66,0.34,30.00,120.96
26557,29.66,0.34,30.00,120.96
26569,30.09,-0.09,30.00,120.96
26581,29.68,0.32,30.00,120.96
26593,30.97,-0.97,30.00,120.96
26605,29.73,0.27,30.00,120.96
26617,29.68,0.32,30.00,120.96
26629,29.66,0.34,30.00,125.98
26641,29.68,0.32,30.00,125.98
26653,29.26,0.74,30.00,125.98
26665,31.40,-1.40,30.00,125.98
26677,30.50,-0.50,30.00,125.98
26689,29.61,0.39,30.00,125.98
26701,30.43,-0.43,30.00,125.98
26713,29.60,0.40,30.00,125.98
26725,29.20,0.80,30.00,125.98
26737,29.19,0.81,30.00,124.06
26749,30.02,-0.02,30.00,124.06
26761,29.19,0.81,30.00,124.06
26773,30.43,-0.43,30.00,124.06
26785,30.50,-0.50,30.00,124.06
26797,29.66,0.34,30.00,124.06
26809,30.55,-0.55,30.00,124.06
26821,29.73,0.27,30.00,124.06
26833,30.53,-0.53,30.00,124.06
26845,28.88,1.12,30.00,124.13
26857,29.77,0.23,30.00,124.13
26869,30.19,-0.19,30.00,124.13
26881,29.77,0.23,30.00,124.13
26893,30.21,-0.21,30.00,124.13
26905,30.21,-0.21,30.00,124.13
26917,29.37,0.62,30.00,124.13
26929,30.68,-0.68,30.00,124.13
26941,30.24,-0.24,30.00,124.13
26953,29.82,0.18,30.00,122.46
26965,29.43,0.57,30.00,122.46
26977,30.72,-0.72,30.00,122.46
26989,31.19,-1.19,30.00,122.46
27001,32.44,-2.44,30.00,122.46
27013,30.79,-0.79,30.00,122.46
27025,30.41,-0.41,30.00,122.46
27037,30.79,-0.79,30.00,122.46
27049,31.24,-1.24,30.00,122.46
27061,31.24,-1.24,30.00,121.27
27073,31.24,-1.24,30.00,121.27
27085,31.24,-1.24,30.00,121.27
27097,31.24,-1.24,30.00,121.27
27109,31.24,-1.24,30.00,121.27
27121,30.04,-0.04,30.00,121.27
27133,30.92,-0.92,30.00,121.27
27145,30.04,-0.04,30.00,121.27
27157,30.45,-0.45,30.00,121.27
27169,30.02,-0.02,30.00,124.63
27181,31.74,-1.74,30.00,124.63
27193,29.61,0.39,30.00,124.63
27205,30.04,-0.04,30.00,124.63
27217,30.45,-0.45,30.00,124.63
27229,31.28,-1.28,30.00,124.63
27241,29.95,0.05,30.00,124.63
27253,30.79,-0.79,30.00,124.63
27265,31.19,-1.19,30.00,124.63
27277,31.19,-1.19,30.00,121.40
27289,30.38,-0.38,30.00,121.40
27301,30.36,-0.36,30.00,121.40
27313,30.36,-0.36,30.00,121.40
27325,29.54,0.46,30.00,121.40
27337,29.54,0.46,30.00,121.40
27349,30.84,-0.84,30.00,121.40
27361,29.60,0.40,30.00,121.40
27373,30.02,-0.02,30.00,121.40
27385,29.60,0.40,30.00,125.08
27397,30.43,-0.43,30.00,125.08
27409,32.04,-2.04,30.00,125.08
27421,31.14,-1.14,30.00,125.08
27433,31.57,-1.57,30.00,125.08
27445,29.90,0.10,30.00,125.08
27457,31.21,-1.21,30.00,125.08
27469,29.92,0.08,30.00,125.08
27481,32.50,-2.50,30.00,125.08
27493,29.94,0.06,30.00,122.80
27505,29.95,0.05,30.00,122.80
27517,29.95,0.05,30.00,122.80
27529,30.84,-0.84,30.00,122.80
27541,30.84,-0.84,30.00,122.80
27553,32.96,-2.96,30.00,122.80
27565,30.02,-0.02,30.00,122.80
27577,31.74,-1.74,30.00,122.80
27589,30.00,-0.00,30.00,122.80
27601,30.84,-0.84,30.00,121.77
27613,30.43,-0.43,30.00,121.77
27625,30.41,-0.41,30.00,121.77
27637,30.00,-0.00,30.00,121.77
27649,31.24,-1.24,30.00,121.77
27661,29.95,0.05,30.00,121.77
27673,31.67,-1.67,30.00,121.77
27685,31.19,-1.19,30.00,121.77
27697,30.77,-0.77,30.00,121.77
27709,33.32,-3.32,30.00,118.72
27721,33.32,-3.32,30.00,118.72
27733,33.32,-3.32,30.00,118.72
27745,33.32,-3.32,30.00,118.72
27757,33.32,-3.32,30.00,118.72
27769,33.32,-3.32,30.00,118.72
27781,41.09,-11.09,30.00,118.72
27793,29.48,0.52,30.00,118.72
27805,30.79,-0.79,30.00,118.72
27817,30.28,-0.28,30.00,125.85
27829,30.24,-0.24,30.00,125.85
27841,29.37,0.62,30.00,125.85
27853,30.12,-0.12,30.00,125.85
27865,30.48,-0.48,30.00,125.85
27877,30.84,-0.84,30.00,125.85
27889,30.31,-0.31,30.00,125.85
27901,29.78,0.22,30.00,125.85
27913,30.60,-0.60,30.00,125.85
27925,30.48,-0.48,30.00,122.08
27937,30.00,-0.00,30.00,122.08
27949,29.12,0.88,30.00,122.08
27961,29.88,0.12,30.00,122.08
27973,28.52,1.48,30.00,122.08
27985,29.77,0.23,30.00,122.08
27997,28.46,1.54,30.00,122.08
28009,30.55,-0.55,30.00,122.08
28021,28.78,1.22,30.00,122.08
28033,28.76,1.24,30.00,124.96
28045,30.43,-0.43,30.00,124.96
28057,29.12,0.88,30.00,124.96
28069,29.94,0.06,30.00,124.96
28081,29.07,0.93,30.00,124.96
28093,29.48,0.52,30.00,124.96
28105,28.59,1.41,30.00,124.96
28117,28.54,1.46,30.00,124.96
28129,28.97,1.03,30.00,124.96
28141,29.78,0.22,30.00,121.60
28153,29.37,0.62,30.00,121.60
28165,28.97,1.03,30.00,121.60
28177,27.71,2.29,30.00,121.60
28189,29.43,0.57,30.00,121.60
28201,29.00,1.00,30.00,121.60
28213,29.00,1.00,30.00,121.60
28225,29.05,0.95,30.00,121.60
28237,29.88,0.12,30.00,121.60
28249,29.88,0.12,30.00,122.61
28261,29.48,0.52,30.00,122.61
28273,29.07,0.93,30.00,122.61
28285,29.07,0.93,30.00,122.61
28297,29.07,0.93,30.00,122.61
28309,29.07,0.93,30.00,122.61
28321,29.07,0.93,30.00,122.61
28333,29.07,0.93,30.00,122.61
28345,29.07,0.93,30.00,122.61
28357,28.68,1.32,30.00,124.65
28369,29.14,0.86,30.00,124.65
28381,28.73,1.27,30.00,124.65
28393,30.85,-0.85,30.00,124.65
28405,30.02,-0.02,30.00,124.65
28417,29.19,0.81,30.00,124.65
28429,29.60,0.40,30.00,124.65
28441,28.73,1.27,30.00,124.65
28453,29.14,0.86,30.00,124.65
28465,29.54,0.46,30.00,122.12
28477,29.56,0.44,30.00,122.12
28489,30.48,-0.48,30.00,122.12
28501,38.66,-8.66,30.00,122.12
28513,32.20,-2.20,30.00,122.12
28525,32.20,-2.20,30.00,122.12
28537,32.20,-2.20,30.00,122.12
28549,32.20,-2.20,30.00,122.12
28561,32.20,-2.20,30.00,122.12
28573,32.20,-2.20,30.00,118.95
28585,29.24,0.76,30.00,118.95
28597,28.83,1.17,30.00,118.95
28609,28.83,1.17,30.00,118.95
28621,28.83,1.17,30.00,118.95
28633,29.65,0.35,30.00,118.95
28645,29.66,0.34,30.00,118.95
28657,34.26,-4.26,30.00,118.95
28669,29.60,0.40,30.00,118.95
28681,28.76,1.24,30.00,127.05
28693,29.19,0.81,30.00,127.05
28705,29.60,0.40,30.00,127.05
28717,29.54,0.46,30.00,127.05
28729,29.02,0.98,30.00,127.05
28741,29.83,0.17,30.00,127.05
28753,28.95,1.05,30.00,127.05
28765,28.47,1.53,30.00,127.05
28777,28.47,1.53,30.00,127.05
28789,28.42,1.58,30.00,123.92
28801,29.31,0.69,30.00,123.92
28813,28.42,1.58,30.00,123.92
28825,29.36,0.64,30.00,123.92
28837,28.12,1.88,30.00,123.92
28849,29.48,0.52,30.00,123.92
28861,29.10,0.90,30.00,123.92
28873,29.17,0.83,30.00,123.92
28885,29.24,0.76,30.00,123.92
28897,29.70,0.30,30.00,121.74
28909,31.08,-1.08,30.00,121.74
28921,32.37,-2.37,30.00,121.74
28933,32.37,-2.37,30.00,121.74
28945,32.37,-2.37,30.00,121.74
28957,32.37,-2.37,30.00,121.74
28969,32.37,-2.37,30.00,121.74
28981,32.37,-2.37,30.00,121.74
28993,30.02,-0.02,30.00,121.74
29005,29.31,0.69,30.00,123.83
29017,29.77,0.23,30.00,123.83
29029,31.55,-1.55,30.00,123.83
29041,30.36,-0.36,30.00,123.83
29053,30.89,-0.89,30.00,123.83
29065,30.07,-0.07,30.00,123.83
29077,30.55,-0.55,30.00,123.83
29089,30.19,-0.19,30.00,123.83
29101,31.08,-1.08,30.00,123.83
29113,30.31,-0.31,30.00,121.90
29125,30.36,-0.36,30.00,121.90
29137,30.36,-0.36,30.00,121.90
29149,32.15,-2.15,30.00,121.90
29161,31.72,-1.72,30.00,121.90
29173,31.31,-1.31,30.00,121.90
29185,30.53,-0.53,30.00,121.90
29197,31.01,-1.01,30.00,121.90
29209,31.01,-1.01,30.00,121.90
29221,30.60,-0.60,30.00,122.52
29233,31.42,-1.42,30.00,122.52
29245,30.19,-0.19,30.00,122.52
29257,31.48,-1.48,30.00,122.52
29269,31.01,-1.01,30.00,122.52
29281,30.60,-0.60,30.00,122.52
29293,32.30,-2.30,30.00,122.52
29305,31.43,-1.43,30.00,122.52
29317,33.06,-3.06,30.00,122.52
29329,30.53,-0.53,30.00,122.87
29341,30.55,-0.55,30.00,122.87
29353,30.96,-0.96,30.00,122.87
29365,30.07,-0.07,30.00,122.87
29377,30.89,-0.89,30.00,122.87
29389,31.24,-1.24,30.00,122.87
29401,30.43,-0.43,30.00,122.87
29413,30.43,-0.43,30.00,122.87
29425,32.55,-2.55,30.00,122.87
29437,30.43,-0.43,30.00,122.88
29449,29.95,0.05,30.00,122.88
29461,30.77,-0.77,30.00,122.88
29473,31.19,-1.19,30.00,122.88
29485,31.13,-1.13,30.00,122.88
29497,30.67,-0.67,30.00,122.88
29509,31.08,-1.08,30.00,122.88
29521,32.32,-2.32,30.00,122.88
29533,31.01,-1.01,30.00,122.88
29545,30.55,-0.55,30.00,122.51
29557,29.65,0.35,30.00,122.51
29569,30.43,-0.43,30.00,122.51
29581,30.84,-0.84,30.00,122.51
29593,29.95,0.05,30.00,122.51
29605,31.19,-1.19,30.00,122.51
29617,30.72,-0.72,30.00,122.51
29629,31.13,-1.13,30.00,122.51
29641,29.83,0.17,30.00,122.51
29653,30.65,-0.65,30.00,122.41
29665,31.01,-1.01,30.00,122.41
29677,31.36,-1.36,30.00,122.41
29689,30.06,-0.06,30.00,122.41
29701,30.00,-0.00,30.00,122.41
29713,30.41,-0.41,30.00,122.41
29725,29.53,0.47,30.00,122.41
29737,31.19,-1.19,30.00,122.41
29749,31.13,-1.13,30.00,122.41
29761,29.36,0.64,30.00,124.48
29773,30.19,-0.19,30.00,124.48
29785,31.01,-1.01,30.00,124.48
29797,30.12,-0.12,30.00,124.48
29809,29.65,0.35,30.00,124.48
29821,30.89,-0.89,30.00,124.48
29833,29.60,0.40,30.00,124.48
29845,28.76,1.24,30.00,124.48
29857,30.43,-0.43,30.00,124.48
29869,29.95,0.05,30.00,122.18
29881,32.49,-2.49,30.00,122.18
29893,31.62,-1.62,30.00,122.18
29905,29.88,0.12,30.00,122.18
29917,29.41,0.59,30.00,122.18
29929,29.00,1.00,30.00,122.18
29941,28.58,1.42,30.00,122.18
29953,29.41,0.59,30.00,122.18
29965,29.83,0.17,30.00,122.18
29977,29.00,1.00,30.00,124.36
29989,29.83,0.17,30.00,124.36
30001,28.58,1.42,30.00,124.36
30013,30.24,-0.24,30.00,124.36
30025,28.93,1.07,30.00,124.36
30037,30.24,-0.24,30.00,124.36
30049,30.60,-0.60,30.00,124.36
30061,32.32,-2.32,30.00,124.36
30073,29.72,0.28,30.00,124.36
30085,29.72,0.28,30.00,122.31
30097,29.29,0.71,30.00,122.31
30109,29.72,0.28,30.00,122.31
30121,31.01,-1.01,30.00,122.31
30133,29.77,0.23,30.00,122.31
30145,29.34,0.66,30.00,122.31
30157,28.95,1.05,30.00,122.31
30169,29.37,0.62,30.00,122.31
30181,28.93,1.07,30.00,122.31
30193,30.24,-0.24,30.00,122.31
30205,31.08,-1.08,30.00,122.31
30217,28.52,1.48,30.00,122.31
30229,30.22,-0.22,30.00,122.31
30241,30.24,-0.24,30.00,122.31
30253,29.83,0.17,30.00,122.31
30265,28.97,1.03,30.00,122.31
30277,29.77,0.23,30.00,122.31
30289,30.19,-0.19,30.00,122.31
30301,28.46,1.54,30.00,125.70
30313,28.46,1.54,30.00,125.70
30325,29.29,0.71,30.00,125.70
30337,28.81,1.19,30.00,125.70
30349,28.76,1.24,30.00,125.70
30361,29.17,0.83,30.00,125.70
30373,29.17,0.83,30.00,125.70
30385,29.14,0.86,30.00,125.70
30397,30.43,-0.43,30.00,125.70
30409,28.71,1.29,30.00,123.52
30421,29.56,0.44,30.00,123.52
30433,28.71,1.29,30.00,123.52
30445,29.56,0.44,30.00,123.52
30457,29.07,0.93,30.00,123.52
30469,29.07,0.93,30.00,123.52
30481,30.80,-0.80,30.00,123.52
30493,28.78,1.22,30.00,123.52
30505,29.14,0.86,30.00,123.52
30517,29.56,0.44,30.00,122.64
30529,30.43,-0.43,30.00,122.64
30541,29.12,0.88,30.00,122.64
30553,29.60,0.40,30.00,122.64
30565,31.30,-1.30,30.00,122.64
30577,29.17,0.83,30.00,122.64
30589,29.65,0.35,30.00,122.64
30601,29.19,0.81,30.00,122.64
30613,30.48,-0.48,30.00,122.64
30625,30.48,-0.48,30.00,122.20
30637,30.48,-0.48,30.00,122.20
30649,29.65,0.35,30.00,122.20
30661,29.17,0.83,30.00,122.20
30673,29.19,0.81,30.00,122.20
30685,29.65,0.35,30.00,122.20
30697,29.65,0.35,30.00,122.20
30709,30.09,-0.09,30.00,122.20
30721,29.68,0.32,30.00,122.20
30733,29.26,0.74,30.00,125.10
30745,29.26,0.74,30.00,125.10
30757,30.14,-0.14,30.00,125.10
30769,29.66,0.34,30.00,125.10
30781,29.26,0.74,30.00,125.10
30793,30.51,-0.51,30.00,125.10
30805,30.56,-0.56,30.00,125.10
30817,29.66,0.34,30.00,125.10
30829,29.26,0.74,30.00,125.10
30841,30.97,-0.97,30.00,121.11
30853,28.85,1.15,30.00,121.11
30865,29.31,0.69,30.00,121.11
30877,29.73,0.27,30.00,121.11
30889,28.85,1.15,30.00,121.11
30901,28.90,1.10,30.00,121.11
30913,28.90,1.10,30.00,121.11
30925,29.32,0.68,30.00,121.11
30937,28.49,1.51,30.00,121.11
30949,29.31,0.69,30.00,125.54
30961,29.68,0.32,30.00,125.54
30973,29.36,0.64,30.00,125.54
30985,28.52,1.48,30.00,125.54
30997,28.93,1.07,30.00,125.54
31009,29.36,0.64,30.00,125.54
31021,29.36,0.64,30.00,125.54
31033,29.36,0.64,30.00,125.54
31045,29.41,0.59,30.00,125.54
31057,29.83,0.17,30.00,122.93
31069,29.36,0.64,30.00,122.93
31081,29.41,0.59,30.00,122.93
31093,31.08,-1.08,30.00,122.93
31105,28.52,1.48,30.00,122.93
31117,30.24,-0.24,30.00,122.93
31129,30.24,-0.24,30.00,122.93
31141,29.43,0.57,30.00,122.93
31153,29.83,0.17,30.00,122.93
31165,29.00,1.00,30.00,124.87
31177,29.00,1.00,30.00,124.87
31189,29.83,0.17,30.00,124.87
31201,29.00,1.00,30.00,124.87
31213,29.41,0.59,30.00,124.87
31225,29.41,0.59,30.00,124.87
31237,29.00,1.00,30.00,124.87
31249,29.00,1.00,30.00,124.87
31261,29.02,0.98,30.00,124.87
31273,30.26,-0.26,30.00,122.08
31285,29.02,0.98,30.00,122.08
31297,29.02,0.98,30.00,122.08
31309,29.02,0.98,30.00,122.08
31321,29.44,0.56,30.00,122.08
31333,29.49,0.51,30.00,122.08
31345,29.49,0.51,30.00,122.08
31357,29.02,0.98,30.00,122.08
31369,30.33,-0.33,30.00,122.08
31381,29.90,0.10,30.00,124.02
31393,29.09,0.91,30.00,124.02
31405,30.33,-0.33,30.00,124.02
31417,29.92,0.08,30.00,124.02
31429,29.49,0.51,30.00,124.02
31441,29.49,0.51,30.00,124.02
31453,30.33,-0.33,30.00,124.02
31465,30.33,-0.33,30.00,124.02
31477,30.33,-0.33,30.00,124.02
31489,30.75,-0.75,30.00,122.29
31501,31.64,-1.64,30.00,122.29
31513,29.12,0.88,30.00,122.29
31525,29.53,0.47,30.00,122.29
31537,30.43,-0.43,30.00,122.29
31549,30.84,-0.84,30.00,122.29
31561,30.00,-0.00,30.00,122.29
31573,30.43,-0.43,30.00,122.29
31585,29.54,0.46,30.00,122.29
31597,30.00,-0.00,30.00,124.32
31609,30.43,-0.43,30.00,124.32
31621,29.12,0.88,30.00,124.32
31633,28.73,1.27,30.00,124.32
31645,29.56,0.44,30.00,124.32
31657,29.54,0.46,30.00,124.32
31669,29.54,0.46,30.00,124.32
31681,29.14,0.86,30.00,124.32
31693,29.56,0.44,30.00,124.32
31705,29.56,0.44,30.00,124.18
31717,31.28,-1.28,30.00,124.18
31729,29.14,0.86,30.00,124.18
31741,30.02,-0.02,30.00,124.18
31753,30.00,-0.00,30.00,124.18
31765,30.89,-0.89,30.00,124.18
31777,30.00,-0.00,30.00,124.18
31789,30.00,-0.00,30.00,124.18
31801,29.60,0.40,30.00,124.18
31813,29.54,0.46,30.00,123.78
31825,30.45,-0.45,30.00,123.78
31837,29.14,0.86,30.00,123.78
31849,28.80,1.20,30.00,123.78
31861,29.20,0.80,30.00,123.78
31873,29.68,0.32,30.00,123.78
31885,30.50,-0.50,30.00,123.78
31897,30.55,-0.55,30.00,123.78
31909,31.84,-1.84,30.00,123.78
31921,30.12,-0.12,30.00,122.90
31933,30.60,-0.60,30.00,122.90
31945,29.77,0.23,30.00,122.90
31957,30.19,-0.19,30.00,122.90
31969,31.08,-1.08,30.00,122.90
31981,30.24,-0.24,30.00,122.90
31993,29.83,0.17,30.00,122.90
32005,30.31,-0.31,30.00,122.90
32017,29.88,0.12,30.00,122.90
32029,29.95,0.05,30.00,123.80
32041,29.53,0.47,30.00,123.80
32053,30.77,-0.77,30.00,123.80
32065,32.49,-2.49,30.00,123.80
32077,31.19,-1.19,30.00,123.80
32089,30.36,-0.36,30.00,123.80
32101,29.95,0.05,30.00,123.80
32113,29.90,0.10,30.00,123.80
32125,30.36,-0.36,30.00,123.80
32137,29.53,0.47,30.00,124.29
32149,30.41,-0.41,30.00,124.29
32161,30.00,-0.00,30.00,124.29
32173,33.44,-3.44,30.00,124.29
32185,30.89,-0.89,30.00,124.29
32197,29.24,0.76,30.00,124.29
32209,30.07,-0.07,30.00,124.29
32221,30.12,-0.12,30.00,124.29
32233,31.42,-1.42,30.00,124.29
32245,31.02,-1.02,30.00,121.51
32257,30.67,-0.67,30.00,121.51
32269,31.13,-1.13,30.00,121.51
32281,30.72,-0.72,30.00,121.51
32293,32.55,-2.55,30.00,121.51
32305,31.30,-1.30,30.00,121.51
32317,31.72,-1.72,30.00,121.51
32329,30.53,-0.53,30.00,121.51
32341,30.12,-0.12,30.00,121.51
32353,30.96,-0.96,30.00,123.15
32365,31.89,-1.89,30.00,123.15
32377,29.83,0.17,30.00,123.15
32389,31.96,-1.96,30.00,123.15
32401,30.29,-0.29,30.00,123.15
32413,30.29,-0.29,30.00,123.15
32425,30.29,-0.29,30.00,123.15
32437,29.88,0.12,30.00,123.15
32449,31.13,-1.13,30.00,123.15
32461,31.96,-1.96,30.00,121.35
32473,31.13,-1.13,30.00,121.35
32485,30.72,-0.72,30.00,121.35
32497,30.31,-0.31,30.00,121.35
32509,31.19,-1.19,30.00,121.35
32521,31.24,-1.24,30.00,121.35
32533,30.84,-0.84,30.00,121.35
32545,30.84,-0.84,30.00,121.35
32557,30.82,-0.82,30.00,121.35
32569,30.84,-0.84,30.00,123.97
32581,30.36,-0.36,30.00,123.97
32593,30.79,-0.79,30.00,123.97
32605,31.26,-1.26,30.00,123.97
32617,30.36,-0.36,30.00,123.97
32629,30.41,-0.41,30.00,123.97
32641,31.26,-1.26,30.00,123.97
32653,30.84,-0.84,30.00,123.97
32665,32.55,-2.55,30.00,123.97
32677,32.55,-2.55,30.00,119.87
32689,32.15,-2.15,30.00,119.87
32701,32.60,-2.60,30.00,119.87
32713,31.69,-1.69,30.00,119.87
32725,32.16,-2.16,30.00,119.87
32737,31.74,-1.74,30.00,119.87
32749,31.33,-1.33,30.00,119.87
32761,30.92,-0.92,30.00,119.87
32773,32.64,-2.64,30.00,119.87
32785,31.76,-1.76,30.00,122.69
32797,31.74,-1.74,30.00,122.69
32809,33.05,-3.05,30.00,122.69
32821,31.79,-1.79,30.00,122.69
32833,30.90,-0.90,30.00,122.69
32845,30.94,-0.94,30.00,122.69
32857,31.79,-1.79,30.00,122.69
32869,30.96,-0.96,30.00,122.69
32881,30.89,-0.89,30.00,122.69
32893,30.89,-0.89,30.00,122.92
32905,31.31,-1.31,30.00,122.92
32917,31.72,-1.72,30.00,122.92
32929,31.24,-1.24,30.00,122.92
32941,31.18,-1.18,30.00,122.92
32953,30.36,-0.36,30.00,122.92
32965,29.88,0.12,30.00,122.92
32977,31.13,-1.13,30.00,122.92
32989,30.65,-0.65,30.00,122.92
33001,31.48,-1.48,30.00,120.88
33013,31.91,-1.91,30.00,120.88
33025,30.12,-0.12,30.00,120.88
33037,30.12,-0.12,30.00,120.88
33049,33.03,-3.03,30.00,120.88
33061,30.31,-0.31,30.00,120.88
33073,30.31,-0.31,30.00,120.88
33085,30.31,-0.31,30.00,120.88
33097,31.48,-1.48,30.00,120.88
33109,31.08,-1.08,30.00,121.98
33121,30.19,-0.19,30.00,121.98
33133,29.72,0.28,30.00,121.98
33145,30.96,-0.96,30.00,121.98
33157,31.72,-1.72,30.00,121.98
33169,29.95,0.05,30.00,121.98
33181,29.12,0.88,30.00,121.98
33193,29.07,0.93,30.00,121.98
33205,30.24,-0.24,30.00,121.98
33217,32.59,-2.59,30.00,118.97
33229,30.60,-0.60,30.00,118.97
33241,30.14,-0.14,30.00,118.97
33253,29.32,0.68,30.00,118.97
33265,28.85,1.15,30.00,118.97
33277,29.20,0.80,30.00,118.97
33289,28.73,1.27,30.00,118.97
33301,29.97,0.03,30.00,118.97
33313,29.49,0.51,30.00,118.97
33325,30.33,-0.33,30.00,123.88
33337,28.59,1.41,30.00,123.88
33349,28.88,1.12,30.00,123.88
33361,29.65,0.35,30.00,123.88
33373,30.43,-0.43,30.00,123.88
33385,31.24,-1.24,30.00,123.88
33397,31.24,-1.24,30.00,123.88
33409,31.24,-1.24,30.00,123.88
33421,31.24,-1.24,30.00,123.88
33433,31.24,-1.24,30.00,119.84
33445,31.24,-1.24,30.00,119.84
33457,28.47,1.53,30.00,119.84
33469,28.88,1.12,30.00,119.84
33481,28.41,1.59,30.00,119.84
33493,28.00,2.00,30.00,119.84
33505,28.47,1.53,30.00,119.84
33517,30.17,-0.17,30.00,119.84
33529,37.13,-7.13,30.00,119.84
33541,28.52,1.48,30.00,125.01
33553,28.13,1.87,30.00,125.01
33565,29.00,1.00,30.00,125.01
33577,28.59,1.41,30.00,125.01
33589,28.59,1.41,30.00,125.01
33601,30.29,-0.29,30.00,125.01
33613,28.59,1.41,30.00,125.01
33625,28.64,1.36,30.00,125.01
33637,29.95,0.05,30.00,125.01
33649,29.53,0.47,30.00,120.58
33661,28.29,1.71,30.00,120.58
33673,28.29,1.71,30.00,120.58
33685,28.35,1.65,30.00,120.58
33697,28.76,1.24,30.00,120.58
33709,30.07,-0.07,30.00,120.58
33721,29.72,0.28,30.00,120.58
33733,29.72,0.28,30.00,120.58
33745,30.12,-0.12,30.00,120.58
33757,29.72,0.28,30.00,121.48
33769,29.77,0.23,30.00,121.48
33781,29.36,0.64,30.00,121.48
33793,31.48,-1.48,30.00,121.48
33805,31.48,-1.48,30.00,121.48
33817,31.48,-1.48,30.00,121.48
33829,31.48,-1.48,30.00,121.48
33841,31.48,-1.48,30.00,121.48
33853,31.48,-1.48,30.00,121.48
33865,31.48,-1.48,30.00,118.92
33877,39.25,-9.25,30.00,118.92
33889,28.95,1.05,30.00,118.92
33901,28.47,1.53,30.00,118.92
33913,31.01,-1.01,30.00,118.92
33925,31.42,-1.42,30.00,118.92
33937,28.47,1.53,30.00,118.92
33949,28.81,1.19,30.00,118.92
33961,29.24,0.76,30.00,118.92
33973,39.54,-9.54,30.00,107.91
33985,30.85,-0.85,30.00,107.91
33997,30.79,-0.79,30.00,107.91
34009,28.54,1.46,30.00,107.91
34021,29.78,0.22,30.00,107.91
34033,29.32,0.68,30.00,107.91
34045,27.95,2.05,30.00,107.91
34057,29.97,0.03,30.00,107.91
34069,28.54,1.46,30.00,107.91
34081,30.56,-0.56,30.00,129.80
34093,27.78,2.22,30.00,129.80
34105,28.00,2.00,30.00,129.80
34117,29.10,0.90,30.00,129.80
34129,29.24,0.76,30.00,129.80
34141,29.82,0.18,30.00,129.80
34153,26.99,3.01,30.00,129.80
34165,26.40,3.60,30.00,129.80
34177,26.50,3.50,30.00,129.80
34189,26.28,3.72,30.00,126.47
34201,25.62,4.38,30.00,126.47
34213,25.40,4.60,30.00,126.47
34225,26.04,3.96,30.00,126.47
34237,24.68,5.32,30.00,126.47
34249,24.50,5.50,30.00,126.47
34261,26.09,3.91,30.00,126.47
34273,24.73,5.27,30.00,126.47
34285,25.09,4.91,30.00,126.47
34297,25.09,4.91,30.00,124.09
34309,27.22,2.78,30.00,124.09
34321,27.22,2.78,30.00,124.09
34333,27.22,2.78,30.00,124.09
34345,27.22,2.78,30.00,124.09
34357,27.22,2.78,30.00,124.09
34369,27.22,2.78,30.00,124.09
34381,27.22,2.78,30.00,124.09
34393,26.57,3.43,30.00,124.09
34405,25.45,4.55,30.00,122.89
34417,25.57,4.43,30.00,122.89
34429,25.33,4.67,30.00,122.89
34441,25.52,4.48,30.00,122.89
34453,25.62,4.38,30.00,122.89
34465,26.64,3.36,30.00,122.89
34477,26.40,3.60,30.00,122.89
34489,28.24,1.76,30.00,122.89
34501,29.72,0.28,30.00,122.89
34513,27.71,2.29,30.00,120.36
34525,27.88,2.12,30.00,120.36
34537,27.64,2.36,30.00,120.36
34549,26.99,3.01,30.00,120.36
34561,27.52,2.48,30.00,120.36
34573,27.64,2.36,30.00,120.36
34585,27.76,2.24,30.00,120.36
34597,29.19,0.81,30.00,120.36
34609,31.01,-1.01,30.00,120.36
34621,28.12,1.88,30.00,122.57
34633,28.71,1.29,30.00,122.57
34645,30.96,-0.96,30.00,122.57
34657,29.77,0.23,30.00,122.57
34669,28.59,1.41,30.00,122.57
34681,28.64,1.36,30.00,122.57
34693,30.41,-0.41,30.00,122.57
34705,32.20,-2.20,30.00,122.57
34717,30.12,-0.12,30.00,122.57
34729,29.72,0.28,30.00,120.76
34741,31.43,-1.43,30.00,120.76
34753,29.36,0.64,30.00,120.76
34765,29.36,0.64,30.00,120.76
34777,29.82,0.18,30.00,120.76
34789,28.58,1.42,30.00,120.76
34801,29.88,0.12,30.00,120.76
34813,29.00,1.00,30.00,120.76
34825,29.41,0.59,30.00,120.76
34837,29.85,0.15,30.00,122.38
34849,29.36,0.64,30.00,122.38
34861,28.54,1.46,30.00,122.38
34873,32.40,-2.40,30.00,122.38
34885,28.97,1.03,30.00,122.38
34897,29.37,0.62,30.00,122.38
34909,30.67,-0.67,30.00,122.38
34921,31.09,-1.09,30.00,122.38
34933,31.09,-1.09,30.00,122.38
34945,31.09,-1.09,30.00,120.58
34957,31.09,-1.09,30.00,120.58
34969,31.09,-1.09,30.00,120.58
34981,31.09,-1.09,30.00,120.58
34993,28.88,1.12,30.00,120.58
35005,28.83,1.17,30.00,120.58
35017,28.41,1.59,30.00,120.58
35029,28.81,1.19,30.00,120.58
35041,29.17,0.83,30.00,120.58
35053,28.71,1.29,30.00,125.59
35065,29.17,0.83,30.00,125.59
35077,28.76,1.24,30.00,125.59
35089,29.60,0.40,30.00,125.59
35101,28.29,1.71,30.00,125.59
35113,29.53,0.47,30.00,125.59
35125,29.07,0.93,30.00,125.59
35137,29.07,0.93,30.00,125.59
35149,29.90,0.10,30.00,125.59
35161,30.29,-0.29,30.00,120.60
35173,31.60,-1.60,30.00,120.60
35185,28.59,1.41,30.00,120.60
35197,29.41,0.59,30.00,120.60
35209,30.72,-0.72,30.00,120.60
35221,32.44,-2.44,30.00,120.60
35233,32.44,-2.44,30.00,120.60
35245,32.44,-2.44,30.00,120.60
35257,32.44,-2.44,30.00,120.60
35269,32.44,-2.44,30.00,118.93
35281,32.44,-2.44,30.00,118.93
35293,40.21,-10.21,30.00,118.93
35305,29.49,0.51,30.00,118.93
35317,28.19,1.81,30.00,118.93
35329,30.33,-0.33,30.00,118.93
35341,28.59,1.41,30.00,118.93
35353,29.02,0.98,30.00,118.93
35365,28.13,1.87,30.00,118.93
35377,28.90,1.10,30.00,126.59
35389,28.47,1.53,30.00,126.59
35401,28.41,1.59,30.00,126.59
35413,30.48,-0.48,30.00,126.59
35425,29.94,0.06,30.00,126.59
35437,28.12,1.88,30.00,126.59
35449,28.47,1.53,30.00,126.59
35461,27.95,2.05,30.00,126.59
35473,28.73,1.27,30.00,126.59
35485,27.44,2.56,30.00,125.11
35497,28.20,1.80,30.00,125.11
35509,28.19,1.81,30.00,125.11
35521,27.73,2.27,30.00,125.11
35533,27.73,2.27,30.00,125.11
35545,31.16,-1.16,30.00,125.11
35557,27.78,2.22,30.00,125.11
35569,28.64,1.36,30.00,125.11
35581,29.95,0.05,30.00,125.11
35593,29.12,0.88,30.00,121.17
35605,27.88,2.12,30.00,121.17
35617,27.93,2.07,30.00,121.17
35629,28.35,1.65,30.00,121.17
35641,28.41,1.59,30.00,121.17
35653,29.34,0.66,30.00,121.17
35665,28.59,1.41,30.00,121.17
35677,29.48,0.52,30.00,121.17
35689,29.05,0.95,30.00,121.17
35701,28.64,1.36,30.00,123.94
35713,29.56,0.44,30.00,123.94
35725,30.04,-0.04,30.00,123.94
35737,30.09,-0.09,30.00,123.94
35749,28.37,1.63,30.00,123.94
35761,28.01,1.99,30.00,123.94
35773,28.90,1.10,30.00,123.94
35785,28.90,1.10,30.00,123.94
35797,28.85,1.15,30.00,123.94
35809,29.32,0.68,30.00,122.52
35821,30.21,-0.21,30.00,122.52
35833,28.52,1.48,30.00,122.52
35845,28.95,1.05,30.00,122.52
35857,28.56,1.44,30.00,122.52
35869,28.95,1.05,30.00,122.52
35881,28.59,1.41,30.00,122.52
35893,29.00,1.00,30.00,122.52
35905,28.58,1.42,30.00,122.52
35917,29.02,0.98,30.00,123.86
35929,30.72,-0.72,30.00,123.86
35941,29.41,0.59,30.00,123.86
35953,28.17,1.83,30.00,123.86
35965,29.41,0.59,30.00,123.86
35977,32.44,-2.44,30.00,123.86
35989,28.95,1.05,30.00,123.86
36001,29.41,0.59,30.00,123.86
36013,28.52,1.48,30.00,123.86
36025,31.08,-1.08,30.00,120.40
36037,29.83,0.17,30.00,120.40
36049,28.95,1.05,30.00,120.40
36061,29.83,0.17,30.00,120.40
36073,30.26,-0.26,30.00,120.40
36085,29.41,0.59,30.00,120.40
36097,29.88,0.12,30.00,120.40
36109,28.17,1.83,30.00,120.40
36121,32.03,-2.03,30.00,120.40
36133,32.03,-2.03,30.00,121.04
36145,32.03,-2.03,30.00,121.04
36157,32.03,-2.03,30.00,121.04
36169,32.03,-2.03,30.00,121.04
36181,32.03,-2.03,30.00,121.04
36193,31.13,-1.13,30.00,121.04
36205,29.00,1.00,30.00,121.04
36217,29.00,1.00,30.00,121.04
36229,28.12,1.88,30.00,121.04
36241,28.95,1.05,30.00,126.69
36253,28.07,1.93,30.00,126.69
36265,28.47,1.53,30.00,126.69
36277,29.72,0.28,30.00,126.69
36289,28.88,1.12,30.00,126.69
36301,27.64,2.36,30.00,126.69
36313,28.93,1.07,30.00,126.69
36325,28.93,1.07,30.00,126.69
36337,30.67,-0.67,30.00,126.69
36349,30.14,-0.14,30.00,121.51
36361,29.41,0.59,30.00,121.51
36373,28.19,1.81,30.00,121.51
36385,29.53,0.47,30.00,121.51
36397,28.69,1.31,30.00,121.51
36409,28.34,1.66,30.00,121.51
36421,28.83,1.17,30.00,121.51
36433,30.19,-0.19,30.00,121.51
36445,29.82,0.18,30.00,121.51
36457,29.46,0.54,30.00,123.90
36469,28.69,1.31,30.00,123.90
36481,30.00,-0.00,30.00,123.90
36493,30.89,-0.89,30.00,123.90
36505,29.65,0.35,30.00,123.90
36517,28.88,1.12,30.00,123.90
36529,29.36,0.64,30.00,123.90
36541,29.36,0.64,30.00,123.90
36553,29.36,0.64,30.00,123.90
36565,30.24,-0.24,30.00,121.98
36577,29.83,0.17,30.00,121.98
36589,29.41,0.59,30.00,121.98
36601,29.83,0.17,30.00,121.98
36613,30.31,-0.31,30.00,121.98
36625,29.48,0.52,30.00,121.98
36637,30.36,-0.36,30.00,121.98
36649,30.36,-0.36,30.00,121.98
36661,30.36,-0.36,30.00,121.98
36673,30.79,-0.79,30.00,121.96
36685,31.19,-1.19,30.00,121.96
36697,31.60,-1.60,30.00,121.96
36709,31.60,-1.60,30.00,121.96
36721,29.05,0.95,30.00,121.96
36733,30.31,-0.31,30.00,121.96
36745,31.19,-1.19,30.00,121.96
36757,29.88,0.12,30.00,121.96
36769,31.60,-1.60,30.00,121.96
36781,30.72,-0.72,30.00,122.56
36793,30.31,-0.31,30.00,122.56
36805,29.41,0.59,30.00,122.56
36817,29.41,0.59,30.00,122.56
36829,29.37,0.62,30.00,122.56
36841,29.36,0.64,30.00,122.56
36853,29.36,0.64,30.00,122.56
36865,29.36,0.64,30.00,122.56
36877,30.21,-0.21,30.00,122.56
36889,29.32,0.68,30.00,124.59
36901,30.16,-0.16,30.00,124.59
36913,29.66,0.34,30.00,124.59
36925,29.66,0.34,30.00,124.59
36937,29.61,0.39,30.00,124.59
36949,29.61,0.39,30.00,124.59
36961,29.14,0.86,30.00,124.59
36973,30.45,-0.45,30.00,124.59
36985,29.97,0.03,30.00,124.59
36997,29.97,0.03,30.00,122.10
37009,29.49,0.51,30.00,122.10
37021,30.36,-0.36,30.00,122.10
37033,29.94,0.06,30.00,122.10
37045,29.95,0.05,30.00,122.10
37057,29.90,0.10,30.00,122.10
37069,30.33,-0.33,30.00,122.10
37081,32.52,-2.52,30.00,122.10
37093,29.97,0.03,30.00,122.10
37105,30.02,-0.02,30.00,122.75
37117,29.54,0.46,30.00,122.75
37129,29.97,0.03,30.00,122.75
37141,31.26,-1.26,30.00,122.75
37153,29.97,0.03,30.00,122.75
37165,31.69,-1.69,30.00,122.75
37177,31.69,-1.69,30.00,122.75
37189,31.24,-1.24,30.00,122.75
37201,30.43,-0.43,30.00,122.75
37213,30.41,-0.41,30.00,122.18
37225,29.54,0.46,30.00,122.18
37237,28.71,1.29,30.00,122.18
37249,29.56,0.44,30.00,122.18
37261,29.49,0.51,30.00,122.18
37273,30.33,-0.33,30.00,122.18
37285,30.33,-0.33,30.00,122.18
37297,29.49,0.51,30.00,122.18
37309,29.44,0.56,30.00,122.18
37321,31.16,-1.16,30.00,121.38
37333,29.37,0.62,30.00,121.38
37345,28.97,1.03,30.00,121.38
37357,28.97,1.03,30.00,121.38
37369,29.32,0.68,30.00,121.38
37381,29.32,0.68,30.00,121.38
37393,28.85,1.15,30.00,121.38
37405,28.78,1.22,30.00,121.38
37417,29.20,0.80,30.00,121.38
37429,31.74,-1.74,30.00,121.13
37441,31.21,-1.21,30.00,121.13
37453,29.44,0.56,30.00,121.13
37465,28.54,1.46,30.00,121.13
37477,29.80,0.20,30.00,121.13
37489,29.73,0.27,30.00,121.13
37501,28.85,1.15,30.00,121.13
37513,29.19,0.81,30.00,121.13
37525,28.29,1.71,30.00,121.13
37537,28.22,1.78,30.00,127.11
37549,29.88,0.12,30.00,127.11
37561,28.95,1.05,30.00,127.11
37573,28.88,1.12,30.00,127.11
37585,28.83,1.17,30.00,127.11
37597,29.24,0.76,30.00,127.11
37609,27.95,2.05,30.00,127.11
37621,27.95,2.05,30.00,127.11
37633,29.19,0.81,30.00,127.11
37645,29.60,0.40,30.00,121.24
37657,30.90,-0.90,30.00,121.24
37669,30.12,-0.12,30.00,121.24
37681,28.00,2.00,30.00,121.24
37693,29.36,0.64,30.00,121.24
37705,28.17,1.83,30.00,121.24
37717,28.24,1.76,30.00,121.24
37729,28.71,1.29,30.00,121.24
37741,28.76,1.24,30.00,121.24
37753,28.41,1.59,30.00,124.73
37765,28.46,1.54,30.00,124.73
37777,29.00,1.00,30.00,124.73
37789,32.08,-2.08,30.00,124.73
37801,29.95,0.05,30.00,124.73
37813,30.89,-0.89,30.00,124.73
37825,28.81,1.19,30.00,124.73
37837,29.29,0.71,30.00,124.73
37849,28.88,1.12,30.00,124.73
37861,29.36,0.64,30.00,122.11
37873,29.43,0.57,30.00,122.11
37885,28.47,1.53,30.00,122.11
37897,28.64,1.36,30.00,122.11
37909,30.43,-0.43,30.00,122.11
37921,30.41,-0.41,30.00,122.11
37933,29.19,0.81,30.00,122.11
37945,30.07,-0.07,30.00,122.11
37957,30.07,-0.07,30.00,122.11
37969,30.06,-0.06,30.00,122.17
37981,31.38,-1.38,30.00,122.17
37993,30.96,-0.96,30.00,122.17
38005,29.24,0.76,30.00,122.17
38017,29.24,0.76,30.00,122.17
38029,29.24,0.76,30.00,122.17
38041,29.31,0.69,30.00,122.17
38053,30.12,-0.12,30.00,122.17
38065,29.24,0.76,30.00,122.17
38077,29.24,0.76,30.00,124.23
38089,29.19,0.81,30.00,124.23
38101,29.60,0.40,30.00,124.23
38113,29.12,0.88,30.00,124.23
38125,30.84,-0.84,30.00,124.23
38137,28.71,1.29,30.00,124.23
38149,29.54,0.46,30.00,124.23
38161,29.07,0.93,30.00,124.23
38173,29.48,0.52,30.00,124.23
