1033,-0.05,21.66
1045,-0.05,21.66
1056,-0.05,21.66
1067,-0.05,21.66
1078,-0.05,21.66
1089,-0.05,21.66
1100,-0.05,21.66
1111,-0.05,21.66
1122,-0.05,21.66
1133,-0.05,22.22
1144,-0.05,22.22
1155,-0.05,22.22
1166,-0.05,22.22
1177,-0.05,22.22
1188,-0.05,22.22
1199,-0.05,22.22
1210,-0.05,22.22
1221,-0.05,22.22
1232,-0.05,22.22
1243,-0.05,22.84
1254,-0.05,22.84
1265,-0.05,22.84
1276,-0.05,22.84
1287,-0.05,22.84
1298,-0.05,22.84
1309,-0.05,22.84
1320,-0.05,22.84
1331,-0.05,22.84
1342,-0.05,22.84
1353,-0.05,23.47
1364,-0.05,23.47
1375,-0.05,23.47
1386,-0.05,23.47
1397,-0.05,23.47
1408,-0.05,23.47
1419,-0.05,23.47
1430,-0.05,23.47
1441,-0.05,23.47
1452,-0.05,23.47
1463,-0.05,24.09
1474,-0.05,24.09
1485,-0.05,24.09
1496,-0.05,24.09
1507,-0.05,24.09
1518,-0.05,24.09
1529,-0.05,24.09
1540,-0.05,24.09
1551,-0.05,24.09
1562,-0.05,24.09
1573,-0.05,24.72
1584,-0.05,24.72
1595,-0.05,24.72
1606,-0.05,24.72
1617,-0.05,24.72
1628,-0.05,24.72
1639,-0.05,24.72
1650,-0.05,24.72
1661,-0.05,24.72
1672,-0.05,24.72
1683,-0.05,25.34
1694,-0.05,25.34
1705,-0.05,25.34
1716,-0.05,25.34
1727,-0.05,25.34
1738,-0.05,25.34
1749,-0.05,25.34
1760,-0.05,25.34
1771,-0.05,25.34
1782,-0.05,25.34
1793,-0.05,25.97
1804,-0.05,25.97
1815,-0.05,25.97
1826,-0.05,25.97
1837,-0.05,25.97
1848,-0.05,25.97
1859,-0.05,25.97
1870,-0.05,25.97
1881,-0.05,25.97
1892,-0.05,25.97
1903,-0.05,26.59
1914,-0.05,26.59
1925,-0.05,26.59
1936,-0.05,26.59
1947,-0.05,26.59
1958,-0.05,26.59
1969,-0.05,26.59
1980,-0.05,26.59
1991,-0.05,26.59
2002,-0.05,26.59
2013,-0.05,27.22
2024,-0.05,27.22
2035,-0.05,27.22
2046,-0.05,27.22
2057,-0.05,27.22
2068,-0.05,27.22
2079,-0.05,27.22
2090,-0.05,27.22
2101,-0.05,27.22
2112,-0.05,27.22
2123,-0.05,27.84
2134,-0.05,27.84
2145,-0.05,27.84
2156,-0.05,27.84
2167,-0.05,27.84
2178,-0.05,27.84
2189,-0.05,27.84
2200,-0.05,27.84
2211,-0.05,27.84
2222,-0.05,27.84
2233,-0.05,28.47
2244,-0.05,28.47
2255,-0.05,28.47
2266,-0.05,28.47
2277,-0.05,28.47
2288,-0.05,28.47
2299,-0.05,28.47
2310,-0.05,28.47
2321,-0.05,28.47
2332,-0.05,28.47
2343,-0.05,29.09
2354,-0.05,29.09
2365,-0.05,29.09
2376,-0.05,29.09
2387,-0.05,29.09
2398,-0.05,29.09
2409,-0.05,29.09
2420,-0.05,29.09
2431,-0.05,29.09
2442,-0.05,29.09
2453,-0.05,29.72
2464,-0.05,29.72
2475,-0.05,29.72
2486,-0.05,29.72
2497,-0.05,29.72
2508,-0.05,29.72
2519,-0.05,29.72
2530,-0.05,29.72
2541,-0.05,29.72
2552,-0.05,29.72
2563,-0.05,30.34
2574,-0.05,30.34
2585,-0.05,30.34
2596,-0.05,30.34
2607,-0.05,30.34
2618,-0.05,30.34
2629,-0.05,30.34
2640,-0.05,30.34
2651,-0.05,30.34
2662,-0.05,30.34
2673,-0.05,30.97
2684,-0.05,30.97
2695,-0.05,30.97
2706,-0.05,30.97
2717,-0.05,30.97
2728,-0.05,30.97
2739,-0.05,30.97
2750,-0.05,30.97
2761,-0.05,30.97
2772,-0.05,30.97
2783,-0.05,31.59
2794,-0.05,31.59
2805,-0.05,31.59
2816,-0.05,31.59
2827,-0.05,31.59
2838,-0.05,31.59
2849,-0.05,31.59
2860,-0.05,31.59
2871,-0.05,31.59
2882,-0.05,31.59
2893,-0.05,32.21
2904,-0.05,32.21
2915,-0.05,32.21
2926,-0.05,32.21
2937,-0.05,32.21
2948,-0.05,32.21
2959,-0.05,32.21
2970,-0.05,32.21
2981,-0.05,32.21
2992,-0.05,32.21
3003,-0.05,32.84
3014,-0.05,32.84
3025,-0.05,32.84
3036,-0.05,32.84
3047,-0.05,32.84
3058,-0.05,32.84
3069,-0.05,32.84
3080,-0.05,32.84
3091,-0.05,32.84
3102,-0.05,32.84
3113,-0.05,33.46
3124,-0.05,33.46
3135,-0.05,33.46
3146,-0.05,33.46
3157,-0.05,33.46
3168,-0.05,33.46
3179,-0.05,33.46
3190,-0.05,33.46
3201,-0.05,33.46
3212,-0.05,33.46
3223,-0.05,34.09
3234,-0.05,34.09
3245,-0.05,34.09
3256,-0.05,34.09
3267,-0.05,34.09
3278,-0.05,34.09
3289,-0.05,34.09
3300,-0.05,34.09
3311,-0.05,34.09
3322,-0.05,34.09
3333,-0.05,34.71
3344,-0.05,34.71
3355,-0.05,34.71
3366,-0.05,34.71
3377,-0.05,34.71
3388,-0.05,34.71
3399,-0.05,34.71
3410,-0.05,34.71
3421,-0.05,34.71
3432,-0.05,34.71
3443,-0.05,35.34
3454,-0.05,35.34
3465,-0.05,35.34
3476,-0.05,35.34
3487,-0.05,35.34
3498,-0.05,35.34
3509,-0.05,35.34
3520,-0.05,35.34
3531,-0.05,35.34
3542,-0.05,35.34
3553,-0.05,35.96
3564,-0.05,35.96
3575,-0.05,35.96
3586,-0.05,35.96
3597,-0.05,35.96
3608,-0.05,35.96
3619,-0.05,35.96
3630,-0.05,35.96
3641,-0.05,35.96
3652,-0.05,35.96
3663,-0.05,36.59
3674,-0.05,36.59
3685,-0.05,36.59
3696,-0.05,36.59
3707,-0.05,36.59
3718,-0.05,36.59
3729,-0.05,36.59
3740,-0.05,36.59
3751,-0.05,36.59
3762,-0.05,36.59
3773,-0.05,37.21
3784,-0.05,37.21
3795,-0.05,37.21
3806,-0.05,37.21
3817,-0.05,37.21
3828,-0.05,37.21
3839,-0.05,37.21
3850,-0.05,37.21
3861,-0.05,37.21
3872,-0.05,37.21
3883,-0.05,37.84
3894,-0.05,37.84
3905,-0.05,37.84
3916,-0.05,37.84
3927,-0.05,37.84
3938,-0.05,37.84
3949,-0.05,37.84
3960,-0.05,37.84
3971,-0.05,37.84
3982,-0.05,37.84
3993,-0.05,38.46
4004,-0.05,38.46
4015,-0.05,38.46
4026,-0.05,38.46
4037,-0.05,38.46
4048,-0.05,38.46
4059,-0.05,38.46
4070,-0.05,38.46
4081,-0.05,38.46
4092,-0.05,38.46
4103,-0.05,39.09
4114,-0.05,39.09
4125,-0.05,39.09
4136,-0.05,39.09
4147,-0.05,39.09
4158,-0.05,39.09
4169,-0.05,39.09
4180,-0.05,39.09
4191,-0.05,39.09
4202,-0.05,39.09
4213,-0.05,39.71
4224,-0.05,39.71
4235,-0.05,39.71
4246,-0.05,39.71
4257,-0.05,39.71
4268,-0.05,39.71
4279,-0.05,39.71
4290,-0.05,39.71
4301,-0.05,39.71
4312,-0.05,39.71
4323,-0.05,40.34
4334,-0.05,40.34
4345,-0.05,40.34
4356,-0.05,40.34
4367,-0.05,40.34
4378,-0.05,40.34
4389,-0.05,40.34
4400,-0.05,40.34
4411,-0.05,40.34
4422,-0.05,40.34
4433,-0.05,40.96
4444,-0.05,40.96
4455,-0.05,40.96
4466,-0.05,40.96
4477,-0.05,40.96
4488,-0.05,40.96
4499,-0.05,40.96
4510,-0.05,40.96
4521,-0.05,40.96
4532,-0.05,40.96
4543,-0.05,41.59
4554,-0.05,41.59
4565,-0.05,41.59
4576,-0.05,41.59
4587,-0.05,41.59
4598,-0.05,41.59
4609,-0.05,41.59
4620,-0.05,41.59
4631,-0.05,41.59
4642,-0.05,41.59
4653,-0.05,42.21
4664,-0.05,42.21
4675,-0.05,42.21
4686,-0.05,42.21
4697,-0.05,42.21
4708,-0.05,42.21
4719,-0.05,42.21
4730,-0.05,42.21
4741,-0.05,42.21
4752,-0.05,42.21
4763,-0.05,42.84
4774,0.36,42.84
4785,-0.05,42.84
4796,-0.05,42.84
4807,0.36,42.84
4818,0.36,42.84
4829,-0.05,42.84
4840,0.36,42.84
4851,0.36,42.84
4862,0.36,42.84
4873,-0.05,43.46
4884,0.36,43.46
4895,-0.05,43.46
4906,0.42,43.46
4917,0.42,43.46
4928,0.42,43.46
4939,-0.05,43.46
4950,-0.05,43.46
4961,-0.05,43.46
4972,0.42,43.46
4983,-0.05,44.09
4994,0.36,44.09
5005,0.37,44.09
5016,-0.05,44.09
5027,-0.05,44.09
5038,-0.05,44.09
5049,-0.05,44.09
5060,-0.05,44.09
5071,-0.05,44.09
5082,-0.05,44.09
5093,-0.05,44.71
5104,-0.05,44.71
5115,-0.05,44.71
5126,-0.05,44.71
5137,-0.05,44.71
5148,-0.05,44.71
5159,-0.05,44.71
5170,-0.05,44.71
5181,-0.05,44.71
5192,-0.05,44.71
5203,0.36,44.51
5214,0.42,44.51
5225,0.42,44.51
5236,0.42,44.51
5247,0.36,44.51
5258,-0.05,44.51
5269,-0.05,44.51
5280,-0.05,44.51
5291,0.42,44.51
5302,0.42,44.51
5313,0.37,45.63
5324,-0.05,45.63
5335,0.42,45.63
5346,0.36,45.63
5357,0.37,45.63
5368,-0.05,45.63
5379,-0.05,45.63
5390,-0.05,45.63
5401,0.37,45.63
5412,0.42,45.63
5423,0.42,46.16
5434,0.42,46.16
5445,0.42,46.16
5456,0.42,46.16
5467,0.42,46.16
5478,0.42,46.16
5489,0.42,46.16
5500,0.42,46.16
5511,0.42,46.16
5522,0.42,46.16
5533,0.42,46.84
5544,0.42,46.84
5555,0.42,46.84
5566,0.42,46.84
5577,0.42,46.84
5588,0.42,46.84
5599,0.41,46.84
5610,0.42,46.84
5621,0.42,46.84
5632,0.42,46.84
5643,-0.00,48.32
5654,0.42,48.32
5665,0.42,48.32
5676,0.42,48.32
5687,0.42,48.32
5698,0.42,48.32
5709,0.42,48.32
5720,0.42,48.32
5731,0.42,48.32
5742,0.42,48.32
5753,0.42,47.53
5764,0.42,47.53
5775,0.42,47.53
5786,0.42,47.53
5797,0.42,47.53
5808,0.42,47.53
5819,0.42,47.53
5830,0.42,47.53
5841,-0.00,47.53
5852,0.42,47.53
5863,0.42,48.70
5874,0.42,48.70
5885,0.42,48.70
5896,-0.00,48.70
5907,0.42,48.70
5918,0.42,48.70
5929,0.42,48.70
5940,-0.00,48.70
5951,-0.00,48.70
5962,0.42,48.70
5973,-0.00,50.17
5984,0.42,50.17
5995,-0.00,50.17
6006,-0.00,50.17
6017,0.42,50.17
6028,0.42,50.17
6039,0.42,50.17
6050,0.42,50.17
6061,-0.00,50.17
6072,0.42,50.17
6083,0.42,49.38
6094,0.42,49.38
6105,-0.00,49.38
6116,0.42,49.38
6127,0.42,49.38
6138,-0.00,49.38
6149,-0.00,49.38
6160,-0.00,49.38
6171,-0.00,49.38
6182,-0.00,49.38
6193,-0.00,51.41
6204,-0.00,51.41
6215,-0.00,51.41
6226,-0.00,51.41
6237,-0.00,51.41
6248,-0.00,51.41
6259,-0.00,51.41
6270,-0.00,51.41
6281,0.42,51.41
6292,0.42,51.41
6303,0.42,50.62
6314,-0.00,50.62
6325,-0.00,50.62
6336,-0.00,50.62
6347,-0.00,50.62
6358,-0.00,50.62
6369,-0.00,50.62
6380,-0.00,50.62
6391,-0.00,50.62
6402,-0.00,50.62
6413,-0.00,52.65
6424,-0.00,52.65
6435,-0.00,52.65
6446,-0.00,52.65
6457,-0.00,52.65
6468,-0.00,52.65
6479,-0.00,52.65
6490,-0.00,52.65
6501,-0.00,52.65
6512,-0.00,52.65
6523,-0.00,52.72
6534,-0.00,52.72
6545,-0.00,52.72
6556,-0.00,52.72
6567,-0.00,52.72
6578,-0.00,52.72
6589,0.02,52.72
6600,0.02,52.72
6611,0.02,52.72
6622,0.02,52.72
6633,-0.00,53.34
6644,-0.00,53.34
6655,-0.00,53.34
6666,-0.00,53.34
6677,-0.00,53.34
6688,-0.00,53.34
6699,-0.00,53.34
6710,-0.00,53.34
6721,-0.00,53.34
6732,-0.00,53.34
6743,0.02,53.93
6754,-0.00,53.93
6765,-0.00,53.93
6776,-0.00,53.93
6787,-0.00,53.93
6798,-0.00,53.93
6809,-0.00,53.93
6820,-0.00,53.93
6831,0.02,53.93
6842,-0.00,53.93
6853,-0.00,54.61
6864,0.02,54.61
6875,0.02,54.61
6886,-0.00,54.61
6897,-0.00,54.61
6908,-0.00,54.61
6919,-0.00,54.61
6930,-0.00,54.61
6941,-0.00,54.61
6952,-0.00,54.61
6963,-0.00,55.21
6974,-0.00,55.21
6985,-0.00,55.21
6996,-0.00,55.21
7007,-0.00,55.21
7018,-0.00,55.21
7029,-0.00,55.21
7040,-0.00,55.21
7051,-0.00,55.21
7062,-0.00,55.21
7073,-0.00,55.84
7084,-0.00,55.84
7095,-0.00,55.84
7106,0.02,55.84
7117,0.02,55.84
7128,0.02,55.84
7139,-0.00,55.84
7150,0.02,55.84
7161,0.02,55.84
7172,-0.00,55.84
7183,0.02,56.43
7194,-0.00,56.43
7205,0.02,56.43
7216,0.02,56.43
7227,0.02,56.43
7238,0.02,56.43
7249,0.02,56.43
7260,-0.00,56.43
7271,0.02,56.43
7282,0.02,56.43
7293,0.02,57.07
7304,0.02,57.07
7315,0.02,57.07
7326,-0.00,57.07
7337,-0.00,57.07
7348,-0.00,57.07
7359,-0.00,57.07
7370,-0.00,57.07
7381,-0.00,57.07
7392,0.02,57.07
7403,0.02,57.70
7414,-0.00,57.70
7425,0.02,57.70
7436,-0.00,57.70
7447,-0.00,57.70
7458,-0.00,57.70
7469,-0.00,57.70
7480,-0.00,57.70
7491,-0.00,57.70
7502,-0.00,57.70
7513,-0.00,58.35
7524,-0.00,58.35
7535,-0.00,58.35
7546,-0.00,58.35
7557,-0.00,58.35
7568,-0.00,58.35
7579,-0.00,58.35
7590,-0.00,58.35
7601,-0.00,58.35
7612,-0.00,58.35
7623,-0.00,58.95
7634,-0.00,58.95
7645,-0.00,58.95
7656,0.42,58.95
7667,0.42,58.95
7678,-0.00,58.95
7689,-0.00,58.95
7700,-0.00,58.95
7711,-0.00,58.95
7722,0.42,58.95
7733,-0.00,59.58
7744,-0.00,59.58
7755,-0.00,59.58
7766,-0.00,59.58
7777,-0.00,59.58
7788,-0.00,59.58
7799,-0.00,59.58
7810,-0.00,59.58
7821,-0.00,59.58
7832,-0.00,59.58
7843,-0.00,60.20
7854,-0.00,60.20
7865,-0.00,60.20
7876,-0.00,60.20
7887,-0.00,60.20
7898,0.42,60.20
7909,-0.00,60.20
7920,-0.00,60.20
7931,-0.00,60.20
7942,-0.00,60.20
7953,-0.00,60.83
7964,-0.00,60.83
7975,-0.00,60.83
7986,0.42,60.83
7997,0.42,60.83
8008,-0.00,60.83
8019,-0.00,60.83
8030,-0.00,60.83
8041,-0.00,60.83
8052,-0.00,60.83
8063,0.42,60.59
8074,0.47,60.59
8085,0.42,60.59
8096,0.02,60.59
8107,0.42,60.59
8118,0.42,60.59
8129,0.47,60.59
8140,0.47,60.59
8151,0.42,60.59
8162,0.47,60.59
8173,0.47,61.66
8184,0.47,61.66
8195,0.42,61.66
8206,0.47,61.66
8217,0.47,61.66
8228,0.47,61.66
8239,0.47,61.66
8250,0.47,61.66
8261,0.47,61.66
8272,0.47,61.66
8283,-0.00,63.30
8294,0.47,63.30
8305,0.47,63.30
8316,0.42,63.30
8327,0.42,63.30
8338,0.47,63.30
8349,0.47,63.30
8360,0.42,63.30
8371,0.47,63.30
8382,-0.00,63.30
8393,0.42,62.45
8404,0.47,62.45
8415,0.02,62.45
8426,0.42,62.45
8437,-0.00,62.45
8448,0.47,62.45
8459,0.47,62.45
8470,0.47,62.45
8481,0.07,62.45
8492,0.47,62.45
8503,0.47,63.51
8514,0.07,63.51
8525,0.47,63.51
8536,0.47,63.51
8547,0.47,63.51
8558,0.47,63.51
8569,0.07,63.51
8580,0.47,63.51
8591,0.47,63.51
8602,0.47,63.51
8613,0.07,65.01
8624,0.47,65.01
8635,0.49,65.01
8646,0.47,65.01
8657,0.47,65.01
8668,0.49,65.01
8679,0.47,65.01
8690,0.47,65.01
8701,0.47,65.01
8712,0.47,65.01
8723,0.47,64.28
8734,0.47,64.28
8745,0.47,64.28
8756,0.47,64.28
8767,0.47,64.28
8778,0.47,64.28
8789,0.47,64.28
8800,0.47,64.28
8811,0.49,64.28
8822,0.47,64.28
8833,0.47,65.43
8844,0.47,65.43
8855,0.02,65.43
8866,0.02,65.43
8877,0.42,65.43
8888,0.47,65.43
8899,0.42,65.43
8910,0.47,65.43
8921,0.42,65.43
8932,0.47,65.43
8943,0.47,66.04
8954,0.47,66.04
8965,0.47,66.04
8976,0.47,66.04
8987,0.47,66.04
8998,0.07,66.04
9009,0.47,66.04
9020,0.47,66.04
9031,0.47,66.04
9042,0.47,66.04
9053,0.07,67.48
9064,0.47,67.48
9075,0.47,67.48
9086,0.47,67.48
9097,0.49,67.48
9108,0.47,67.48
9119,0.49,67.48
9130,0.47,67.48
9141,0.07,67.48
9152,0.07,67.48
9163,0.07,67.57
9174,0.07,67.57
9185,0.07,67.57
9196,0.07,67.57
9207,0.07,67.57
9218,0.47,67.57
9229,0.07,67.57
9240,0.47,67.57
9251,0.07,67.57
9262,0.07,67.57
9273,0.07,68.19
9284,0.07,68.19
9295,0.07,68.19
9306,0.07,68.19
9317,0.07,68.19
9328,0.07,68.19
9339,0.07,68.19
9350,0.07,68.19
9361,0.07,68.19
9372,0.07,68.19
9383,0.47,67.99
9394,0.47,67.99
9405,0.47,67.99
9416,0.47,67.99
9427,0.47,67.99
9438,0.47,67.99
9449,0.47,67.99
9460,0.07,67.99
9471,0.47,67.99
9482,0.07,67.99
9493,0.07,69.96
9504,0.07,69.96
9515,0.07,69.96
9526,0.07,69.96
9537,0.07,69.96
9548,0.07,69.96
9559,0.07,69.96
9570,0.07,69.96
9581,0.07,69.96
9592,0.07,69.96
9603,0.07,70.05
9614,0.07,70.05
9625,0.07,70.05
9636,0.07,70.05
9647,0.07,70.05
9658,0.07,70.05
9669,0.07,70.05
9680,0.07,70.05
9691,0.07,70.05
9702,0.07,70.05
9713,0.07,70.67
9724,0.07,70.67
9735,0.07,70.67
9746,0.07,70.67
9757,0.07,70.67
9768,0.07,70.67
9779,0.07,70.67
9790,0.07,70.67
9801,0.07,70.67
9812,0.07,70.67
9823,0.07,71.30
9834,0.07,71.30
9845,0.07,71.30
9856,0.07,71.30
9867,0.07,71.30
9878,0.07,71.30
9889,0.07,71.30
9900,0.07,71.30
9911,0.07,71.30
9922,0.07,71.30
9933,0.07,71.92
9944,0.07,71.92
9955,0.07,71.92
9966,0.07,71.92
9977,0.07,71.92
9988,0.07,71.92
9999,0.07,71.92
10010,0.07,71.92
10021,0.07,71.92
10032,0.07,71.92
10043,0.07,72.54
10054,0.07,72.54
10065,0.07,72.54
10076,0.07,72.54
10087,0.07,72.54
10098,0.07,72.54
10109,0.07,72.54
10120,0.07,72.54
10131,0.07,72.54
10142,0.07,72.54
10153,0.07,73.16
10164,0.07,73.16
10175,0.07,73.16
10186,0.07,73.16
10197,0.07,73.16
10208,0.07,73.16
10219,0.07,73.16
10230,0.07,73.16
10241,0.47,73.16
10252,0.07,73.16
10263,0.07,73.78
10274,0.49,73.78
10285,0.07,73.78
10296,0.07,73.78
10307,0.07,73.78
10318,0.07,73.78
10329,0.07,73.78
10340,0.07,73.78
10351,0.07,73.78
10362,0.07,73.78
10373,0.07,74.41
10384,0.07,74.41
10395,0.07,74.41
10406,0.07,74.41
10417,0.07,74.41
10428,0.07,74.41
10439,0.07,74.41
10450,0.07,74.41
10461,0.07,74.41
10472,0.07,74.41
10483,0.07,75.03
10494,0.07,75.03
10505,0.07,75.03
10516,0.07,75.03
10527,0.07,75.03
10538,0.07,75.03
10549,0.07,75.03
10560,0.07,75.03
10571,0.07,75.03
10582,0.07,75.03
10593,0.07,75.65
10604,0.07,75.65
10615,0.07,75.65
10626,0.07,75.65
10637,0.07,75.65
10648,0.07,75.65
10659,0.07,75.65
10670,0.07,75.65
10681,0.07,75.65
10692,0.47,75.65
10703,0.54,75.31
10714,0.47,75.31
10725,0.47,75.31
10736,0.07,75.31
10747,0.07,75.31
10758,0.07,75.31
10769,0.47,75.31
10780,0.47,75.31
10791,0.47,75.31
10802,0.07,75.31
10813,0.07,77.51
10824,0.47,77.51
10835,0.07,77.51
10846,0.07,77.51
10857,0.07,77.51
10868,0.07,77.51
10879,0.47,77.51
10890,0.07,77.51
10901,0.07,77.51
10912,0.07,77.51
10923,0.07,77.51
10934,0.07,77.51
10945,0.07,77.51
10956,0.07,77.51
10967,0.47,77.51
10978,0.49,77.51
10989,0.54,77.51
11000,0.54,77.51
11011,0.47,77.51
11022,0.54,77.51
11033,0.12,78.03
11044,0.12,78.03
11055,0.53,78.03
11066,0.54,78.03
11077,0.12,78.03
11088,0.54,78.03
11099,0.12,78.03
11110,0.12,78.03
11121,0.54,78.03
11132,0.12,78.03
11143,0.54,77.86
11154,0.54,77.86
11165,0.53,77.86
11176,0.54,77.86
11187,0.54,77.86
11198,0.54,77.86
11209,0.54,77.86
11220,0.54,77.86
11231,0.54,77.86
11242,0.12,77.86
11253,0.54,79.02
11264,0.53,79.02
11275,0.54,79.02
11286,0.12,79.02
11297,0.12,79.02
11308,0.12,79.02
11319,0.12,79.02
11330,0.12,79.02
11341,0.12,79.02
11352,0.12,79.02
11363,0.12,80.49
11374,0.54,80.49
11385,0.12,80.49
11396,0.12,80.49
11407,0.54,80.49
11418,0.12,80.49
11429,0.12,80.49
11440,0.54,80.49
11451,0.14,80.49
11462,0.12,80.49
11473,0.12,80.56
11484,0.12,80.56
11495,0.12,80.56
11506,0.12,80.56
11517,0.12,80.56
11528,0.12,80.56
11539,0.12,80.56
11550,0.12,80.56
11561,0.12,80.56
11572,0.54,80.56
11583,0.12,81.18
11594,0.12,81.18
11605,0.12,81.18
11616,0.12,81.18
11627,0.12,81.18
11638,0.12,81.18
11649,0.12,81.18
11660,0.12,81.18
11671,0.12,81.18
11682,0.12,81.18
11693,0.12,81.81
11704,0.12,81.81
11715,0.12,81.81
11726,0.12,81.81
11737,0.12,81.81
11748,0.12,81.81
11759,0.12,81.81
11770,0.12,81.81
11781,0.12,81.81
11792,0.12,81.81
11803,0.12,82.43
11814,0.12,82.43
11825,0.12,82.43
11836,0.12,82.43
11847,0.12,82.43
11858,0.12,82.43
11869,0.12,82.43
11880,0.12,82.43
11891,0.19,82.43
11902,0.19,82.43
11913,0.12,83.05
11924,0.12,83.05
11935,0.19,83.05
11946,0.19,83.05
11957,0.12,83.05
11968,0.12,83.05
11979,0.19,83.05
11990,0.19,83.05
12001,0.19,83.05
12012,0.12,83.05
12023,0.12,83.67
12034,0.12,83.67
12045,0.19,83.67
12056,0.19,83.67
12067,0.12,83.67
12078,0.19,83.67
12089,0.59,83.67
12100,0.19,83.67
12111,0.19,83.67
12122,0.19,83.67
12133,0.19,84.15
12144,0.19,84.15
12155,0.19,84.15
12166,0.19,84.15
12177,0.59,84.15
12188,0.19,84.15
12199,0.19,84.15
12210,0.19,84.15
12221,0.19,84.15
12232,0.19,84.15
12243,0.19,84.86
12254,0.19,84.86
12265,0.19,84.86
12276,0.59,84.86
12287,0.19,84.86
12298,-0.24,84.86
12309,0.19,84.86
12320,0.19,84.86
12331,0.19,84.86
12342,0.19,84.86
12353,0.19,85.48
12364,0.66,85.48
12375,0.24,85.48
12386,0.24,85.48
12397,0.24,85.48
12408,0.24,85.48
12419,0.25,85.48
12430,0.24,85.48
12441,0.25,85.48
12452,0.25,85.48
12463,0.24,86.00
12474,0.24,86.00
12485,0.24,86.00
12496,0.24,86.00
12507,0.24,86.00
12518,0.25,86.00
12529,0.24,86.00
12540,0.25,86.00
12551,0.24,86.00
12562,0.25,86.00
12573,0.24,86.68
12584,0.24,86.68
12595,0.24,86.68
12606,0.71,86.68
12617,0.30,86.68
12628,0.71,86.68
12639,0.30,86.68
12650,0.25,86.68
12661,0.24,86.68
12672,0.71,86.68
12683,0.24,87.30
12694,0.30,87.30
12705,0.24,87.30
12716,0.71,87.30
12727,0.71,87.30
12738,0.30,87.30
12749,0.71,87.30
12760,0.24,87.30
12771,0.24,87.30
12782,0.24,87.30
12793,0.71,86.96
12804,0.24,86.96
12815,0.30,86.96
12826,0.30,86.96
12837,0.71,86.96
12848,0.30,86.96
12859,0.30,86.96
12870,0.30,86.96
12881,0.30,86.96
12892,0.30,86.96
12903,0.29,89.05
12914,0.30,89.05
12925,0.30,89.05
12936,0.30,89.05
12947,0.25,89.05
12958,0.24,89.05
12969,0.71,89.05
12980,0.30,89.05
12991,0.30,89.05
13002,0.30,89.05
13013,0.30,89.08
13024,0.30,89.08
13035,0.30,89.08
13046,0.30,89.08
13057,0.30,89.08
13068,0.36,89.08
13079,0.71,89.08
13090,0.78,89.08
13101,0.36,89.08
13112,0.36,89.08
13123,0.36,89.61
13134,0.78,89.61
13145,0.83,89.61
13156,0.83,89.61
13167,0.82,89.61
13178,0.42,89.61
13189,0.42,89.61
13200,0.83,89.61
13211,0.83,89.61
13222,0.42,89.61
13233,0.42,90.16
13244,0.42,90.16
13255,0.83,90.16
13266,0.83,90.16
13277,0.83,90.16
13288,0.83,90.16
13299,0.42,90.16
13310,0.42,90.16
13321,0.83,90.16
13332,0.42,90.16
13343,0.76,90.18
13354,0.36,90.18
13365,0.36,90.18
13376,0.36,90.18
13387,0.36,90.18
13398,0.36,90.18
13409,0.76,90.18
13420,0.36,90.18
13431,0.78,90.18
13442,0.36,90.18
13453,0.30,92.15
13464,0.30,92.15
13475,0.30,92.15
13486,0.30,92.15
13497,0.30,92.15
13508,0.30,92.15
13519,0.30,92.15
13530,0.30,92.15
13541,0.78,92.15
13552,0.78,92.15
13563,0.36,92.07
13574,0.83,92.07
13585,0.42,92.07
13596,0.83,92.07
13607,0.42,92.07
13618,0.88,92.07
13629,0.90,92.07
13640,0.47,92.07
13651,0.88,92.07
13662,0.47,92.07
13673,0.47,92.51
13684,0.47,92.51
13695,0.47,92.51
13706,0.90,92.51
13717,0.54,92.51
13728,0.54,92.51
13739,0.95,92.51
13750,1.02,92.51
13761,0.59,92.51
13772,0.64,92.51
13783,0.66,92.90
13794,1.12,92.90
13805,0.71,92.90
13816,1.19,92.90
13827,0.76,92.90
13838,1.24,92.90
13849,0.83,92.90
13860,0.83,92.90
13871,1.24,92.90
13882,1.31,92.90
13893,0.88,93.31
13904,0.88,93.31
13915,1.31,93.31
13926,0.95,93.31
13937,1.31,93.31
13948,0.95,93.31
13959,1.36,93.31
13970,0.95,93.31
13981,0.95,93.31
13992,1.36,93.31
14003,0.95,94.07
14014,1.38,94.07
14025,1.43,94.07
14036,1.00,94.07
14047,1.02,94.07
14058,1.00,94.07
14069,1.00,94.07
14080,1.00,94.07
14091,1.02,94.07
14102,1.00,94.07
14113,1.02,94.62
14124,1.02,94.62
14135,1.02,94.62
14146,1.00,94.62
14157,1.02,94.62
14168,1.02,94.62
14179,1.02,94.62
14190,1.00,94.62
14201,1.00,94.62
14212,1.43,94.62
14223,1.48,94.39
14234,1.07,94.39
14245,1.07,94.39
14256,1.07,94.39
14267,1.48,94.39
14278,1.07,94.39
14289,1.07,94.39
14300,1.07,94.39
14311,1.55,94.39
14322,1.55,94.39
14333,1.12,96.30
14344,1.12,96.30
14355,1.14,96.30
14366,1.19,96.30
14377,1.61,96.30
14388,1.19,96.30
14399,1.19,96.30
14410,1.67,96.30
14421,1.67,96.30
14432,1.67,96.30
14443,1.67,95.34
14454,1.67,95.34
14465,2.14,95.34
14476,1.31,95.34
14487,1.38,95.34
14498,1.36,95.34
14509,1.36,95.34
14520,1.43,95.34
14531,1.43,95.34
14542,1.43,95.34
14553,1.48,97.01
14564,1.50,97.01
14575,1.55,97.01
14586,1.95,97.01
14597,2.02,97.01
14608,2.02,97.01
14619,2.07,97.01
14630,2.14,97.01
14641,1.73,97.01
14652,2.19,97.01
14663,1.78,96.74
14674,2.26,96.74
14685,1.83,96.74
14696,2.31,96.74
14707,1.90,96.74
14718,1.90,96.74
14729,2.43,96.74
14740,1.95,96.74
14751,2.02,96.74
14762,2.43,96.74
14773,2.91,95.46
14784,2.50,95.46
14795,2.55,95.46
14806,2.55,95.46
14817,2.60,95.46
14828,2.19,95.46
14839,2.19,95.46
14850,2.67,95.46
14861,2.26,95.46
14872,2.31,95.46
14883,2.33,98.65
14894,3.21,98.65
14905,2.79,98.65
14916,2.79,98.65
14927,2.91,98.65
14938,2.91,98.65
14949,2.55,98.65
14960,2.96,98.65
14971,3.43,98.65
14982,2.60,98.65
14993,2.67,97.79
15004,3.14,97.79
15015,2.74,97.79
15026,2.72,97.79
15037,3.20,97.79
15048,3.26,97.79
15059,3.26,97.79
15070,3.31,97.79
15081,3.38,97.79
15092,3.38,97.79
15103,3.43,97.25
15114,3.48,97.25
15125,3.14,97.25
15136,3.62,97.25
15147,3.20,97.25
15158,3.67,97.25
15169,3.31,97.25
15180,4.21,97.25
15191,3.79,97.25
15202,3.86,97.25
15213,3.91,97.84
15224,3.91,97.84
15235,3.55,97.84
15246,3.98,97.84
15257,4.03,97.84
15268,4.03,97.84
15279,3.67,97.84
15290,3.67,97.84
15301,4.08,97.84
15312,4.08,97.84
15323,4.15,98.52
15334,4.15,98.52
15345,4.15,98.52
15356,4.15,98.52
15367,4.15,98.52
15378,4.15,98.52
15389,4.15,98.52
15400,4.15,98.52
15411,3.74,98.52
15422,4.55,98.52
15433,4.62,98.41
15444,4.62,98.41
15455,4.20,98.41
15466,4.62,98.41
15477,4.20,98.41
15488,4.15,98.41
15499,4.20,98.41
15510,4.20,98.41
15521,4.61,98.41
15532,4.20,98.41
15543,4.20,100.41
15554,4.20,100.41
15565,4.21,100.41
15576,4.20,100.41
15587,4.20,100.41
15598,4.67,100.41
15609,4.67,100.41
15620,3.86,100.41
15631,4.27,100.41
15642,4.33,100.41
15653,4.27,100.26
15664,4.32,100.26
15675,4.32,100.26
15686,4.30,100.26
15697,4.32,100.26
15708,4.79,100.26
15719,4.74,100.26
15730,4.81,100.26
15741,4.38,100.26
15752,4.86,100.26
15763,4.86,99.68
15774,4.44,99.68
15785,4.03,99.68
15796,4.03,99.68
15807,4.03,99.68
15818,4.03,99.68
15829,4.44,99.68
15840,4.44,99.68
15851,4.44,99.68
15862,4.50,99.68
15873,4.10,102.52
15884,4.10,102.52
15895,4.50,102.52
15906,4.50,102.52
15917,4.50,102.52
15928,4.55,102.52
15939,4.08,102.52
15950,4.50,102.52
15961,4.98,102.52
15972,4.55,102.52
15983,4.15,101.96
15994,5.03,101.96
16005,5.03,101.96
16016,5.03,101.96
16027,4.69,101.96
16038,4.67,101.96
16049,4.74,101.96
16060,5.22,101.96
16071,4.79,101.96
16082,4.86,101.96
16093,4.86,101.13
16104,5.34,101.13
16115,4.50,101.13
16126,4.91,101.13
16137,4.98,101.13
16148,4.55,101.13
16159,4.98,101.13
16170,5.44,101.13
16181,5.44,101.13
16192,5.46,101.13
16203,5.46,101.37
16214,5.03,101.37
16225,4.98,101.37
16236,4.98,101.37
16247,5.03,101.37
16258,5.44,101.37
16269,5.44,101.37
16280,5.41,101.37
16291,4.98,101.37
16302,5.03,101.37
16313,4.98,103.62
16324,5.03,103.62
16335,4.62,103.62
16346,5.03,103.62
16357,5.46,103.62
16368,4.62,103.62
16379,5.03,103.62
16390,5.51,103.62
16401,5.51,103.62
16412,5.10,103.62
16423,5.51,102.46
16434,5.10,102.46
16445,5.10,102.46
16456,4.74,102.46
16467,5.63,102.46
16478,4.79,102.46
16489,5.27,102.46
16500,5.27,102.46
16511,5.34,102.46
16522,5.34,102.46
16533,5.39,103.89
16544,4.98,103.89
16555,5.03,103.89
16566,5.92,103.89
16577,5.51,103.89
16588,5.98,103.89
16599,5.63,103.89
16610,5.69,103.89
16621,6.17,103.89
16632,6.22,103.89
16643,6.29,102.43
16654,5.93,102.43
16665,6.46,102.43
16676,6.46,102.43
16687,6.51,102.43
16698,6.15,102.43
16709,6.22,102.43
16720,6.75,102.43
16731,6.75,102.43
16742,6.87,102.43
16753,6.46,103.75
16764,6.99,103.75
16775,6.63,103.75
16786,6.68,103.75
16797,6.75,103.75
16808,7.28,103.75
16819,7.34,103.75
16830,6.99,103.75
16841,7.05,103.75
16852,7.53,103.75
16863,7.58,102.20
16874,7.63,102.20
16885,7.63,102.20
16896,7.75,102.20
16907,7.39,102.20
16918,7.39,102.20
16929,7.89,102.20
16940,7.53,102.20
16951,8.01,102.20
16962,8.48,102.20
16973,7.65,103.98
16984,7.70,103.98
16995,7.70,103.98
17006,8.13,103.98
17017,8.18,103.98
17028,7.77,103.98
17039,7.77,103.98
17050,7.77,103.98
17061,7.82,103.98
17072,7.41,103.98
17083,8.30,103.23
17094,7.89,103.23
17105,7.89,103.23
17116,8.36,103.23
17127,8.41,103.23
17138,8.01,103.23
17149,8.41,103.23
17160,8.48,103.23
17171,8.94,103.23
17182,8.94,103.23
17193,8.53,104.04
17204,8.18,104.04
17215,8.58,104.04
17226,8.58,104.04
17237,8.18,104.04
17248,8.65,104.04
17259,8.23,104.04
17270,8.70,104.04
17281,8.64,104.04
17292,8.75,104.04
17303,8.70,104.46
17314,8.35,104.46
17325,8.82,104.46
17336,8.47,104.46
17347,8.89,104.46
17358,9.35,104.46
17369,8.58,104.46
17380,9.06,104.46
17391,9.47,104.46
17402,8.70,104.46
17413,9.59,103.34
17424,8.82,103.34
17435,9.30,103.34
17446,8.94,103.34
17457,9.01,103.34
17468,9.47,103.34
17479,9.52,103.34
17490,9.11,103.34
17501,9.65,103.34
17512,9.23,103.34
17523,9.23,105.63
17534,9.71,105.63
17545,9.37,105.63
17556,10.18,105.63
17567,9.82,105.63
17578,9.42,105.63
17589,9.89,105.63
17600,9.94,105.63
17611,9.54,105.63
17622,10.01,105.63
17633,10.01,104.02
17644,10.06,104.02
17655,10.13,104.02
17666,10.59,104.02
17677,10.59,104.02
17688,10.18,104.02
17699,10.25,104.02
17710,9.89,104.02
17721,10.37,104.02
17732,10.42,104.02
17743,10.06,105.35
17754,10.13,105.35
17765,11.01,105.35
17776,11.08,105.35
17787,10.73,105.35
17798,10.73,105.35
17809,10.79,105.35
17820,10.42,105.35
17831,10.90,105.35
17842,10.56,105.35
17853,10.61,104.73
17864,11.08,104.73
17875,11.13,104.73
17886,11.25,104.73
17897,11.73,104.73
17908,11.85,104.73
17919,11.49,104.73
17930,12.02,104.73
17941,11.68,104.73
17952,11.78,104.73
17963,11.85,103.34
17974,11.97,103.34
17985,12.85,103.34
17996,12.15,103.34
18007,11.85,103.34
18018,13.21,103.34
18029,13.75,103.34
18040,12.56,103.34
18051,12.68,103.34
18062,13.21,103.34
18073,12.92,103.17
18084,13.02,103.17
18095,13.55,103.17
18106,13.67,103.17
18117,14.62,103.17
18128,13.50,103.17
18139,13.62,103.17
18150,13.82,103.17
18161,13.85,103.17
18172,14.38,103.17
18183,14.09,102.55
18194,14.62,102.55
18205,15.21,102.55
18216,14.92,102.55
18227,14.21,102.55
18238,14.74,102.55
18249,14.86,102.55
18260,15.86,102.55
18271,16.81,102.55
18282,16.10,102.55
18293,15.33,101.90
18304,16.69,101.90
18315,15.98,101.90
18326,15.69,101.90
18337,16.64,101.90
18348,17.17,101.90
18359,15.98,101.90
18370,16.10,101.90
18381,16.64,101.90
18392,17.17,101.90
18403,16.83,100.80
18414,16.47,100.80
18425,17.81,100.80
18436,17.05,100.80
18447,17.58,100.80
18458,17.22,100.80
18469,17.29,100.80
18480,17.34,100.80
18491,16.93,100.80
18502,18.29,100.80
18513,17.46,101.74
18524,17.53,101.74
18535,17.12,101.74
18546,17.12,101.74
18557,17.10,101.74
18568,17.12,101.74
18579,17.12,101.74
18590,18.41,101.74
18601,17.10,101.74
18612,18.41,101.74
18623,18.00,101.73
18634,17.53,101.73
18645,17.53,101.73
18656,18.41,101.73
18667,17.12,101.73
18678,17.53,101.73
18689,17.44,101.73
18700,17.05,101.73
18711,17.88,101.73
18722,17.88,101.73
18733,18.29,102.10
18744,17.81,102.10
18755,18.65,102.10
18766,17.34,102.10
18777,17.76,102.10
18788,17.70,102.10
18799,18.10,102.10
18810,17.70,102.10
18821,16.81,102.10
18832,17.22,102.10
18843,17.65,104.02
18854,18.05,104.02
18865,17.58,104.02
18876,17.58,104.02
18887,17.10,104.02
18898,16.69,104.02
18909,16.69,104.02
18920,17.58,104.02
18931,16.69,104.02
18942,16.69,104.02
18953,17.58,103.58
18964,16.74,103.58
18975,16.76,103.58
18986,17.65,103.58
18997,16.81,103.58
19008,17.65,103.58
19019,17.29,103.58
19030,17.29,103.58
19041,17.76,103.58
19052,17.34,103.58
19063,17.41,104.09
19074,18.29,104.09
19085,18.36,104.09
19096,17.10,104.09
19107,17.17,104.09
19118,17.65,104.09
19129,18.58,104.09
19140,17.34,104.09
19151,18.24,104.09
19162,17.88,104.09
19173,17.93,103.07
19184,18.00,103.07
19195,19.36,103.07
19206,18.12,103.07
19217,17.76,103.07
19228,17.41,103.07
19239,18.70,103.07
19250,18.78,103.07
19261,18.41,103.07
19272,18.46,103.07
19283,18.94,101.98
19294,18.58,101.98
19305,19.94,101.98
19316,18.70,101.98
19327,20.06,101.98
19338,19.72,101.98
19349,18.94,101.98
19360,21.13,101.98
19371,19.96,101.98
19382,20.01,101.98
19393,20.48,100.39
19404,18.82,100.39
19415,19.72,100.39
19426,20.18,100.39
19437,19.36,100.39
19448,19.41,100.39
19459,21.13,100.39
19470,19.43,100.39
19481,20.31,100.39
19492,19.91,100.39
19503,19.91,103.76
19514,19.02,103.76
19525,18.60,103.76
19536,19.02,103.76
19547,19.43,103.76
19558,19.02,103.76
19569,19.43,103.76
19580,19.38,103.76
19591,20.26,103.76
19602,20.26,103.76
19613,19.84,103.36
19624,19.36,103.36
19635,19.36,103.36
19646,20.25,103.36
19657,21.06,103.36
19668,21.08,103.36
19679,19.84,103.36
19690,19.00,103.36
19701,19.41,103.36
19712,19.06,103.36
19723,19.06,105.06
19734,19.46,105.06
19745,19.53,105.06
19756,19.96,105.06
19767,20.42,105.06
19778,19.60,105.06
19789,20.01,105.06
19800,20.06,105.06
19811,19.65,105.06
19822,19.29,105.06
19833,20.60,101.15
19844,21.90,101.15
19855,19.82,101.15
19866,21.18,101.15
19877,20.84,101.15
19888,20.47,101.15
19899,21.01,101.15
19910,21.13,101.15
19921,20.82,101.15
19932,20.06,101.15
19943,20.59,103.39
19954,20.25,103.39
19965,21.18,103.39
19976,21.30,103.39
19987,20.13,103.39
19998,21.03,103.39
20009,22.39,103.39
20020,21.62,103.39
20031,21.27,103.39
20042,21.32,103.39
20053,21.84,101.03
20064,22.80,101.03
20075,22.01,101.03
20086,21.66,101.03
20097,21.32,101.03
20108,22.27,101.03
20119,21.90,101.03
20130,23.68,101.03
20141,22.44,101.03
20152,23.80,101.03
20163,23.87,98.75
20174,22.68,98.75
20185,21.49,98.75
20196,24.51,98.75
20207,22.85,98.75
20218,25.04,98.75
20229,24.21,98.75
20240,23.39,98.75
20251,23.03,98.75
20262,23.90,98.75
20273,22.61,104.04
20284,22.68,104.04
20295,25.63,104.04
20306,22.68,104.04
20317,22.68,104.04
20328,24.39,104.04
20339,22.25,104.04
20350,23.14,104.04
20361,23.56,104.04
20372,23.97,104.04
20383,23.97,99.82
20394,22.68,99.82
20405,24.41,99.82
20416,23.99,99.82
20427,24.39,99.82
20438,23.56,99.82
20449,22.73,99.82
20460,22.64,99.82
20471,22.74,99.82
20482,22.74,99.82
20493,22.74,104.18
20504,22.74,104.18
20515,22.74,104.18
20526,23.15,104.18
20537,23.56,104.18
20548,23.15,104.18
20559,23.56,104.18
20570,23.15,104.18
20581,26.54,104.18
20592,25.29,104.18
20603,24.46,99.28
20614,24.05,99.28
20625,25.35,99.28
20636,22.81,99.28
20647,22.39,99.28
20658,22.39,99.28
20669,22.39,99.28
20680,22.39,99.28
20691,22.39,99.28
20702,22.39,99.28
20713,22.39,105.81
20724,22.39,105.81
20735,22.80,105.81
20746,23.22,105.81
20757,24.46,105.81
20768,25.29,105.81
20779,23.63,105.81
20790,30.99,105.81
20801,23.27,105.81
20812,22.80,105.81
20823,24.09,99.84
20834,24.10,99.84
20845,25.35,99.84
20856,37.26,99.84
20867,33.66,99.84
20878,23.39,99.84
20889,32.04,99.84
20900,32.04,99.84
20911,23.46,99.84
20922,22.73,99.84
20933,22.80,104.78
20944,23.68,104.78
20955,23.32,104.78
20966,23.32,104.78
20977,24.21,104.78
20988,24.27,104.78
20999,33.76,104.78
21010,25.14,104.78
21021,24.33,104.78
21032,26.04,104.78
21043,26.04,96.70
21054,26.04,96.70
21065,26.04,96.70
21076,26.04,96.70
21087,26.04,96.70
21098,33.81,96.70
21109,26.69,96.70
21120,34.46,96.70
21131,34.46,96.70
21142,26.33,96.70
21153,34.10,84.74
21164,34.53,84.74
21175,34.53,84.74
21186,24.16,84.74
21197,24.16,84.74
21208,25.87,84.74
21219,25.45,84.74
21230,33.22,84.74
21241,33.22,84.74
21252,23.25,84.74
21263,24.50,114.51
21274,23.58,114.51
21285,23.10,114.51
21296,23.87,114.51
21307,23.76,114.51
21318,24.10,114.51
21329,24.82,114.51
21340,23.87,114.51
21351,23.39,114.51
21362,24.21,114.51
21373,22.91,105.33
21384,22.90,105.33
21395,23.39,105.33
21406,23.71,105.33
21417,25.21,105.33
21428,23.14,105.33
21439,27.52,105.33
21450,25.09,105.33
21461,25.09,105.33
21472,25.09,105.33
21483,25.09,99.03
21494,25.09,99.03
21505,25.09,99.03
21516,25.09,99.03
21527,32.86,99.03
21538,32.86,99.03
21549,32.86,99.03
21560,32.86,99.03
21571,32.86,99.03
21582,32.86,99.03
21593,32.86,86.28
21604,32.86,86.28
21615,28.07,86.28
21626,28.07,86.28
21637,28.07,86.28
21648,28.07,86.28
21659,28.07,86.28
21670,28.07,86.28
21681,28.07,86.28
21692,27.47,86.28
21703,28.42,105.27
21714,27.64,105.27
21725,27.69,105.27
21736,27.28,105.27
21747,28.59,105.27
21758,28.17,105.27
21769,27.28,105.27
21780,26.88,105.27
21791,27.71,105.27
21802,27.23,105.27
21813,28.05,100.30
21824,27.17,100.30
21835,27.17,100.30
21846,27.59,100.30
21857,27.59,100.30
21868,27.17,100.30
21879,28.00,100.30
21890,28.83,100.30
21901,27.59,100.30
21912,27.18,100.30
21923,26.76,102.46
21934,27.52,102.46
21945,28.83,102.46
21956,28.83,102.46
21967,28.83,102.46
21978,28.83,102.46
21989,28.83,102.46
22000,28.83,102.46
22011,28.83,102.46
22022,27.52,102.46
22033,28.78,96.76
22044,28.35,96.76
22055,27.05,96.76
22066,27.47,96.76
22077,27.40,96.76
22088,26.93,96.76
22099,28.19,96.76
22110,28.17,96.76
22121,28.59,96.76
22132,27.28,96.76
22143,27.28,102.44
22154,27.64,102.44
22165,27.17,102.44
22176,27.18,102.44
22187,27.54,102.44
22198,26.59,102.44
22209,28.25,102.44
22220,27.37,102.44
22231,26.49,102.44
22242,26.42,102.44
22253,27.20,100.72
22264,26.30,100.72
22275,27.49,100.72
22286,28.32,100.72
22297,28.32,100.72
22308,28.32,100.72
22319,28.32,100.72
22330,28.32,100.72
22341,28.32,100.72
22352,28.32,100.72
22363,27.76,99.54
22374,27.30,99.54
22385,28.15,99.54
22396,26.84,99.54
22407,28.07,99.54
22418,29.32,99.54
22429,29.32,99.54
22440,29.32,99.54
22451,29.32,99.54
22462,29.32,99.54
22473,29.32,97.16
22484,29.32,97.16
22495,26.93,97.16
22506,26.04,97.16
22517,26.40,97.16
22528,34.17,97.16
22539,27.18,97.16
22550,25.41,97.16
22561,26.65,97.16
22572,25.77,97.16
22583,26.11,105.69
22594,25.65,105.69
22605,25.99,105.69
22616,25.99,105.69
22627,25.09,105.69
22638,27.13,105.69
22649,28.37,105.69
22660,28.37,105.69
22671,28.37,105.69
22682,28.37,105.69
22693,28.37,97.03
22704,28.37,97.03
22715,36.14,97.03
22726,25.70,97.03
22737,26.93,97.03
22748,34.70,97.03
22759,25.75,97.03
22770,25.74,97.03
22781,24.92,97.03
22792,26.23,97.03
22803,25.81,105.18
22814,34.41,105.18
22825,27.13,105.18
22836,27.54,105.18
22847,35.31,105.18
22858,25.47,105.18
22869,33.24,105.18
22880,26.35,105.18
22891,25.92,105.18
22902,29.36,105.18
22913,25.99,101.55
22924,25.16,101.55
22935,25.16,101.55
22946,25.16,101.55
22957,25.16,101.55
22968,25.16,101.55
22979,25.16,101.55
22990,32.93,101.55
23001,26.77,101.55
23012,27.25,101.55
23023,27.73,98.38
23034,27.37,98.38
23045,26.59,98.38
23056,27.06,98.38
23067,27.54,98.38
23078,26.71,98.38
23089,26.30,98.38
23100,26.77,98.38
23111,28.49,98.38
23122,27.66,98.38
23133,29.37,97.36
23144,37.15,97.36
23155,37.15,97.36
23166,37.15,97.36
23177,37.15,97.36
23188,37.15,97.36
23199,37.15,97.36
23210,37.15,97.36
23221,28.88,97.36
23232,26.28,97.36
23243,26.23,105.86
23254,27.05,105.86
23265,29.17,105.86
23276,29.17,105.86
23287,29.17,105.86
23298,29.17,105.86
23309,29.17,105.86
23320,29.17,105.86
23331,29.17,105.86
23342,26.76,105.86
23353,25.45,103.43
23364,25.45,103.43
23375,25.87,103.43
23386,27.59,103.43
23397,34.95,103.43
23408,37.08,103.43
23419,37.08,103.43
23430,37.08,103.43
23441,37.08,103.43
23452,37.08,103.43
23463,37.08,79.04
23474,37.08,79.04
23485,25.87,79.04
23496,26.33,79.04
23507,26.40,79.04
23518,26.04,79.04
23529,27.35,79.04
23540,27.33,79.04
23551,27.35,79.04
23562,27.35,79.04
23573,27.35,113.63
23584,27.35,113.63
23595,27.35,113.63
23606,27.35,113.63
23617,35.12,113.63
23628,26.94,113.63
23639,26.77,113.63
23650,25.33,113.63
23661,27.33,113.63
23672,25.52,113.63
23683,25.40,104.99
23694,25.75,104.99
23705,26.52,104.99
23716,25.63,104.99
23727,26.45,104.99
23738,26.04,104.99
23749,25.16,104.99
23760,25.99,104.99
23771,33.76,104.99
23782,26.16,104.99
23793,38.64,75.82
23804,38.64,75.82
23815,38.64,75.82
23826,38.64,75.82
23837,38.64,75.82
23848,38.64,75.82
23859,38.64,75.82
23870,38.64,75.82
23881,27.45,75.82
23892,27.45,75.82
23903,27.45,115.42
23914,27.45,115.42
23925,27.45,115.42
23936,27.45,115.42
23947,27.45,115.42
23958,25.89,115.42
23969,24.87,115.42
23980,26.54,115.42
23991,24.75,115.42
24002,27.66,115.42
24013,25.45,104.99
24024,24.56,104.99
24035,26.64,104.99
24046,26.21,104.99
24057,25.81,104.99
24068,26.71,104.99
24079,25.94,104.99
24090,27.25,104.99
24101,26.89,104.99
24112,26.18,104.99
24123,27.54,98.26
24134,25.53,98.26
24145,39.27,98.26
24156,26.18,98.26
24167,25.89,98.26
24178,25.58,98.26
24189,26.15,98.26
24200,27.95,98.26
24211,27.95,98.26
24222,27.95,98.26
24233,27.95,100.20
24244,27.95,100.20
24255,27.95,100.20
24266,35.72,100.20
24277,28.64,100.20
24288,27.81,100.20
24299,27.45,100.20
24310,35.22,100.20
24321,28.85,100.20
24332,27.13,100.20
24343,27.11,102.46
24354,28.42,102.46
24365,27.18,102.46
24376,26.71,102.46
24387,26.65,102.46
24398,27.13,102.46
24409,27.96,102.46
24420,27.49,102.46
24431,27.05,102.46
24442,27.05,102.46
24453,27.05,101.57
24464,27.05,101.57
24475,27.05,101.57
24486,27.05,101.57
24497,34.82,101.57
24508,28.17,101.57
24519,28.59,101.57
24530,27.69,101.57
24541,26.81,101.57
24552,28.52,101.57
24563,28.12,99.38
24574,28.52,99.38
24585,27.64,99.38
24596,27.64,99.38
24607,27.62,99.38
24618,27.18,99.38
24629,27.18,99.38
24640,27.18,99.38
24651,27.18,99.38
24662,27.18,99.38
24673,27.18,102.70
24684,27.18,102.70
24695,26.57,102.70
24706,28.66,102.70
24717,29.90,102.70
24728,29.00,102.70
24739,27.28,102.70
24750,35.05,102.70
24761,35.05,102.70
24772,35.05,102.70
24783,35.05,85.66
24794,35.05,85.66
24805,35.05,85.66
24816,35.05,85.66
24827,26.35,85.66
24838,26.37,85.66
24849,26.77,85.66
24860,26.77,85.66
24871,26.35,85.66
24882,27.61,85.66
24893,26.77,112.49
24904,27.13,112.49
24915,26.64,112.49
24926,26.99,112.49
24937,26.04,112.49
24948,26.40,112.49
24959,25.04,112.49
24970,27.52,112.49
24981,26.99,112.49
24992,27.33,112.49
25003,26.47,102.42
25014,34.24,102.42
25025,26.04,102.42
25036,28.17,102.42
25047,26.93,102.42
25058,25.33,102.42
25069,25.81,102.42
25080,27.23,102.42
25091,29.02,102.42
25102,28.73,102.42
25113,28.01,98.97
25124,28.13,98.97
25135,27.01,98.97
25146,28.37,98.97
25157,28.90,98.97
25168,27.85,98.97
25179,37.38,98.97
25190,27.73,98.97
25201,27.90,98.97
25212,28.00,98.97
25223,30.77,95.47
25234,30.77,95.47
25245,30.77,95.47
25256,30.77,95.47
25267,30.77,95.47
25278,30.77,95.47
25289,30.77,95.47
25300,29.00,95.47
25311,29.48,95.47
25322,31.24,95.47
25333,31.24,98.07
25344,31.24,98.07
25355,31.24,98.07
25366,31.24,98.07
25377,31.24,98.07
25388,31.24,98.07
25399,29.83,98.07
25410,28.52,98.07
25421,28.95,98.07
25432,28.93,98.07
25443,28.95,103.29
25454,29.78,103.29
25465,29.29,103.29
25476,30.96,103.29
25487,29.24,103.29
25498,30.45,103.29
25509,29.60,103.29
25520,28.29,103.29
25531,29.09,103.29
25542,28.59,103.29
25553,29.02,100.19
25564,29.43,100.19
25575,29.36,100.19
25586,29.36,100.19
25597,29.36,100.19
25608,29.36,100.19
25619,29.36,100.19
25630,29.36,100.19
25641,29.36,100.19
25652,37.13,100.19
25663,37.13,83.94
25674,37.13,83.94
25685,37.13,83.94
25696,37.13,83.94
25707,37.13,83.94
25718,37.13,83.94
25729,27.95,83.94
25740,27.95,83.94
25751,28.73,83.94
25762,29.07,83.94
25773,30.31,108.08
25784,30.31,108.08
25795,30.31,108.08
25806,30.31,108.08
25817,30.31,108.08
25828,30.31,108.08
25839,30.31,108.08
25850,28.54,108.08
25861,27.54,108.08
25872,26.88,108.08
25883,28.08,103.71
25894,28.08,103.71
25905,28.08,103.71
25916,28.08,103.71
25927,28.08,103.71
25938,28.08,103.71
25949,28.08,103.71
25960,27.05,103.71
25971,26.99,103.71
25982,25.57,103.71
25993,26.81,103.43
26004,25.04,103.43
26015,26.28,103.43
26026,24.56,103.43
26037,25.33,103.43
26048,26.59,103.43
26059,28.71,103.43
26070,26.98,103.43
26081,26.59,103.43
26092,26.57,103.43
26103,34.34,86.64
26114,34.34,86.64
26125,34.34,86.64
26136,34.34,86.64
26147,34.34,86.64
26158,34.34,86.64
26169,34.34,86.64
26180,26.76,86.64
26191,34.53,86.64
26202,34.53,86.64
26213,34.53,95.96
26224,34.53,95.96
26235,34.53,95.96
26246,34.53,95.96
26257,34.53,95.96
26268,26.93,95.96
26279,26.42,95.96
26290,25.87,95.96
26301,25.35,95.96
26312,24.82,95.96
26323,24.70,115.94
26334,24.58,115.94
26345,25.69,115.94
26356,25.50,115.94
26367,25.50,115.94
26378,25.50,115.94
26389,25.50,115.94
26400,25.50,115.94
26411,25.50,115.94
26422,25.50,115.94
26433,23.68,105.34
26444,23.27,105.34
26455,25.40,105.34
26466,26.33,105.34
26477,34.58,105.34
26488,24.44,105.34
26499,24.97,105.34
26510,25.09,105.34
26521,25.09,105.34
26532,25.09,105.34
26543,25.09,101.30
26554,25.09,101.30
26565,25.09,101.30
26576,25.09,101.30
26587,32.86,101.30
26598,32.86,101.30
26609,32.86,101.30
26620,32.86,101.30
26631,32.86,101.30
26642,32.86,101.30
26653,32.86,87.56
26664,28.76,87.56
26675,29.02,87.56
26686,30.36,87.56
26697,30.36,87.56
26708,30.36,87.56
26719,30.36,87.56
26730,30.36,87.56
26741,30.36,87.56
26752,38.13,87.56
26763,29.29,104.80
26774,29.00,104.80
26785,29.53,104.80
26796,29.60,104.80
26807,30.90,104.80
26818,32.20,104.80
26829,32.67,104.80
26840,31.36,104.80
26851,30.07,104.80
26862,29.60,104.80
26873,29.53,99.69
26884,39.44,99.69
26895,31.19,99.69
26906,29.48,99.69
26917,29.88,99.69
26928,29.43,99.69
26939,30.26,99.69
26950,29.77,99.69
26961,29.78,99.69
26972,30.60,99.69
26983,30.14,98.78
26994,30.55,98.78
27005,29.19,98.78
27016,29.19,98.78
27027,29.12,98.78
27038,29.95,98.78
27049,29.07,98.78
27060,29.48,98.78
27071,29.83,98.78
27082,30.65,98.78
27093,30.60,98.64
27104,29.24,98.64
27115,28.76,98.64
27126,30.43,98.64
27137,38.20,98.64
27148,28.20,98.64
27159,29.44,98.64
27170,28.08,98.64
27181,28.01,98.64
27192,28.80,98.64
27203,30.02,100.39
27214,27.85,100.39
27225,27.78,100.39
27236,28.97,100.39
27247,30.19,100.39
27258,27.95,100.39
27269,29.17,100.39
27280,37.79,100.39
27291,28.17,100.39
27302,29.83,100.39
27313,28.47,102.76
27324,28.47,102.76
27335,28.47,102.76
27346,28.47,102.76
27357,28.47,102.76
27368,28.47,102.76
27379,28.47,102.76
27390,26.28,102.76
27401,27.52,102.76
27412,28.73,102.76
27423,28.66,100.41
27434,28.66,100.41
27445,28.13,100.41
27456,28.08,100.41
27467,27.18,100.41
27478,27.18,100.41
27489,26.71,100.41
27500,27.13,100.41
27511,26.65,100.41
27522,26.59,100.41
27533,26.16,105.72
27544,26.98,105.72
27555,27.40,105.72
27566,26.94,105.72
27577,28.64,105.72
27588,28.64,105.72
27599,28.64,105.72
27610,28.64,105.72
27621,28.64,105.72
27632,28.64,105.72
27643,36.41,81.87
27654,26.93,81.87
27665,27.88,81.87
27676,27.05,81.87
27687,28.35,81.87
27698,28.35,81.87
27709,36.13,81.87
27720,26.35,81.87
27731,26.83,81.87
27742,27.28,81.87
27753,26.88,114.30
27764,27.69,114.30
27775,27.22,114.30
27786,29.36,114.30
27797,37.13,114.30
27808,27.64,114.30
27819,27.64,114.30
27830,27.64,114.30
27841,27.64,114.30
27852,27.64,114.30
27863,27.64,100.43
27874,35.41,100.43
27885,28.24,100.43
27896,28.24,100.43
27907,28.24,100.43
27918,28.24,100.43
27929,28.24,100.43
27940,28.24,100.43
27951,36.01,100.43
27962,30.48,100.43
27973,38.25,80.06
27984,26.83,80.06
27995,28.59,80.06
28006,29.07,80.06
28017,29.07,80.06
28028,29.07,80.06
28039,29.07,80.06
28050,29.07,80.06
28061,29.07,80.06
28072,36.84,80.06
28083,30.02,110.28
28094,30.40,110.28
28105,31.21,110.28
28116,31.21,110.28
28127,31.21,110.28
28138,31.21,110.28
28149,31.21,110.28
28160,31.21,110.28
28171,31.21,110.28
28182,29.85,110.28
28193,29.39,100.86
28204,28.03,100.86
28215,26.65,100.86
28226,27.49,100.86
28237,27.95,100.86
28248,27.06,100.86
28259,27.54,100.86
28270,27.54,100.86
28281,27.59,100.86
28292,28.01,100.86
28303,28.56,101.73
28314,26.89,101.73
28325,27.37,101.73
28336,28.25,101.73
28347,29.15,101.73
28358,30.04,101.73
28369,26.65,101.73
28380,26.72,101.73
28391,28.92,101.73
28402,27.20,101.73
28413,28.08,101.64
28424,28.90,101.64
28435,28.49,101.64
28446,29.37,101.64
28457,27.61,101.64
28468,30.21,101.64
28479,30.21,101.64
28490,30.21,101.64
28501,30.21,101.64
28512,30.21,101.64
28523,30.21,96.78
28534,30.21,96.78
28545,29.19,96.78
28556,27.05,96.78
28567,28.64,96.78
28578,28.17,96.78
28589,28.12,96.78
28600,27.64,96.78
28611,28.88,96.78
28622,27.52,96.78
28633,27.47,105.06
28644,37.37,105.06
28655,37.37,105.06
28666,37.37,105.06
28677,37.37,105.06
28688,37.37,105.06
28699,37.37,105.06
28710,37.37,105.06
28721,37.37,105.06
28732,37.37,105.06
28743,37.37,81.59
28754,37.37,81.59
28765,37.37,81.59
28776,37.37,81.59
28787,37.37,81.59
28798,28.24,81.59
28809,26.93,81.59
28820,26.99,81.59
28831,28.71,81.59
28842,28.71,81.59
28853,28.71,111.75
28864,28.71,111.75
28875,28.71,111.75
28886,28.71,111.75
28897,28.71,111.75
28908,28.00,111.75
28919,28.35,111.75
28930,27.88,111.75
28941,28.64,111.75
28952,26.45,111.75
28963,27.28,103.42
28974,26.81,103.42
28985,25.52,103.42
28996,26.33,103.42
29007,26.28,103.42
29018,28.41,103.42
29029,28.47,103.42
29040,26.81,103.42
29051,27.69,103.42
29062,30.72,103.42
29073,30.72,94.69
29084,30.72,94.69
29095,30.72,94.69
29106,30.72,94.69
29117,30.72,94.69
29128,30.72,94.69
29139,38.49,94.69
29150,38.49,94.69
29161,38.49,94.69
29172,38.49,94.69
29183,38.49,83.46
29194,38.49,83.46
29205,38.49,83.46
29216,29.34,83.46
29227,29.34,83.46
29238,29.34,83.46
29249,29.34,83.46
29260,29.34,83.46
29271,29.34,83.46
29282,29.34,83.46
29293,27.11,116.33
29304,26.57,116.33
29315,26.93,116.33
29326,28.05,116.33
29337,27.52,116.33
29348,26.52,116.33
29359,25.52,116.33
29370,25.40,116.33
29381,25.63,116.33
29392,26.88,116.33
29403,25.45,104.97
29414,24.92,104.97
29425,24.92,104.97
29436,26.64,104.97
29447,26.21,104.97
29458,24.56,104.97
29469,28.46,104.97
29480,27.23,104.97
29491,25.28,104.97
29502,25.86,104.97
29513,26.33,101.12
29524,26.33,101.12
29535,26.33,101.12
29546,26.33,101.12
29557,26.33,101.12
29568,26.33,101.12
29579,34.10,101.12
29590,27.45,101.12
29601,27.23,101.12
29612,27.76,101.12
29623,29.65,95.65
29634,28.05,95.65
29645,28.64,95.65
29656,29.17,95.65
29667,27.64,95.65
29678,28.58,95.65
29689,29.19,95.65
29700,28.41,95.65
29711,28.05,95.65
29722,28.52,95.65
29733,28.59,102.09
29744,28.24,102.09
29755,30.00,102.09
29766,33.85,102.09
29777,29.60,102.09
29788,29.17,102.09
29799,28.78,102.09
29810,28.78,102.09
29821,28.78,102.09
29832,30.45,102.09
29843,30.85,96.19
29854,31.33,96.19
29865,31.33,96.19
29876,31.33,96.19
29887,31.33,96.19
29898,31.33,96.19
29909,31.33,96.19
29920,31.33,96.19
29931,39.10,96.19
29942,29.07,96.19
29953,29.88,101.07
29964,29.88,101.07
29975,29.88,101.07
29986,29.88,101.07
29997,29.88,101.07
30008,29.88,101.07
30019,29.88,101.07
30030,37.65,101.07
30041,37.65,101.07
30052,37.65,101.07
30063,37.65,84.13
30074,37.65,84.13
30085,37.65,84.13
30096,37.65,84.13
30107,30.41,84.13
30118,28.64,84.13
30129,27.69,84.13
30140,29.29,84.13
30151,29.22,84.13
30162,29.22,84.13
30173,29.22,111.08
30184,29.22,111.08
30195,29.22,111.08
30206,29.22,111.08
30217,29.22,111.08
30228,28.64,111.08
30239,26.33,111.08
30250,26.64,111.08
30261,25.57,111.08
30272,25.38,111.08
30283,25.69,107.28
30294,26.81,107.28
30305,26.21,107.28
30316,27.47,107.28
30327,27.40,107.28
30338,35.17,107.28
30349,24.67,107.28
30360,25.92,107.28
30371,24.67,107.28
30382,25.09,107.28
30393,28.95,96.19
30404,27.28,96.19
30415,26.04,96.19
30426,24.85,96.19
30437,25.33,96.19
30448,26.33,96.19
30459,27.69,96.19
30470,27.35,96.19
30481,27.35,96.19
30492,27.35,96.19
30503,27.35,103.67
30514,27.35,103.67
30525,27.35,103.67
30536,27.35,103.67
30547,25.99,103.67
30558,26.54,103.67
30569,26.59,103.67
30580,27.13,103.67
30591,26.76,103.67
30602,28.19,103.67
30613,26.98,102.41
30624,27.45,102.41
30635,35.22,102.41
30646,35.22,102.41
30657,35.22,102.41
30668,35.22,102.41
30679,35.22,102.41
30690,35.22,102.41
30701,35.22,102.41
30712,27.35,102.41
30723,30.85,94.16
30734,29.19,94.16
30745,28.01,94.16
30756,29.36,94.16
30767,30.31,94.16
30778,30.31,94.16
30789,30.31,94.16
30800,30.31,94.16
30811,30.31,94.16
30822,30.31,94.16
30833,30.31,100.28
30844,28.12,100.28
30855,28.12,100.28
30866,30.24,100.28
30877,30.24,100.28
30888,30.24,100.28
30899,30.24,100.28
30910,30.24,100.28
30921,30.24,100.28
30932,30.24,100.28
30943,28.83,102.55
30954,28.73,102.55
30965,29.53,102.55
30976,30.36,102.55
30987,28.52,102.55
30998,30.60,102.55
31009,27.52,102.55
31020,27.96,102.55
31031,28.69,102.55
31042,27.35,102.55
31053,28.12,102.09
31064,29.78,102.09
31075,27.17,102.09
31086,27.57,102.09
31097,27.52,102.09
31108,27.05,102.09
31119,28.29,102.09
31130,27.40,102.09
31141,27.81,102.09
31152,28.64,102.09
31163,29.48,98.46
31174,29.48,98.46
31185,27.33,98.46
31196,27.76,98.46
31207,28.58,98.46
31218,28.58,98.46
31229,28.58,98.46
31240,28.58,98.46
31251,28.58,98.46
31262,28.58,98.46
31273,28.58,102.06
31284,27.33,102.06
31295,28.24,102.06
31306,28.24,102.06
31317,29.05,102.06
31328,28.64,102.06
31339,29.05,102.06
31350,28.17,102.06
31361,32.64,102.06
31372,32.64,102.06
31383,32.64,92.72
31394,32.64,92.72
31405,32.64,92.72
31416,32.64,92.72
31427,27.28,92.72
31438,28.59,92.72
31449,26.88,92.72
31460,28.59,92.72
31471,28.12,92.72
31482,29.83,92.72
31493,28.05,107.20
31504,28.47,107.20
31515,27.57,107.20
31526,28.41,107.20
31537,27.93,107.20
31548,27.45,107.20
31559,26.98,107.20
31570,28.59,107.20
31581,27.28,107.20
31592,35.05,107.20
31603,35.05,87.15
31614,35.05,87.15
31625,35.05,87.15
31636,35.05,87.15
31647,35.05,87.15
31658,35.05,87.15
31669,26.64,87.15
31680,29.65,87.15
31691,29.65,87.15
31702,27.47,87.15
31713,27.45,111.48
31724,26.57,111.48
31735,36.06,111.48
31746,26.88,111.48
31757,27.69,111.48
31768,27.17,111.48
31779,26.69,111.48
31790,26.57,111.48
31801,25.62,111.48
31812,25.57,111.48
31823,27.66,101.24
31834,27.20,101.24
31845,27.20,101.24
31856,27.20,101.24
31867,27.20,101.24
31878,27.20,101.24
31889,27.20,101.24
31900,34.97,101.24
31911,28.46,101.24
31922,28.46,101.24
31933,28.46,99.95
31944,28.46,99.95
31955,28.46,99.95
31966,28.46,99.95
31977,28.46,99.95
31988,36.23,99.95
31999,27.88,99.95
32010,27.45,99.95
32021,27.45,99.95
32032,27.45,99.95
32043,27.45,103.04
32054,27.45,103.04
32065,27.45,103.04
32076,27.45,103.04
32087,35.22,103.04
32098,35.22,103.04
32109,26.21,103.04
32120,26.21,103.04
32131,28.35,103.04
32142,26.21,103.04
32153,33.98,88.61
32164,26.21,88.61
32175,26.64,88.61
32186,26.21,88.61
32197,26.21,88.61
32208,26.21,88.61
32219,27.52,88.61
32230,26.21,88.61
32241,25.82,88.61
32252,26.65,88.61
32263,28.37,108.34
32274,28.37,108.34
32285,28.37,108.34
32296,28.37,108.34
32307,28.37,108.34
32318,28.37,108.34
32329,36.14,108.34
32340,27.62,108.34
32351,27.17,108.34
32362,25.45,108.34
32373,26.26,105.33
32384,25.33,105.33
32395,25.38,105.33
32406,25.40,105.33
32417,27.11,105.33
32428,28.35,105.33
32439,27.17,105.33
32450,25.92,105.33
32461,26.40,105.33
32472,25.57,105.33
32483,26.09,103.02
32494,27.81,103.02
32505,27.81,103.02
32516,27.81,103.02
32527,27.81,103.02
32538,27.81,103.02
32549,27.81,103.02
32560,35.58,103.02
32571,35.58,103.02
32582,35.58,103.02
32593,35.58,83.73
32604,35.58,83.73
32615,35.58,83.73
32626,35.58,83.73
32637,27.93,83.73
32648,29.77,83.73
32659,29.77,83.73
32670,29.77,83.73
32681,29.77,83.73
32692,29.77,83.73
32703,29.77,107.68
32714,29.77,107.68
32725,28.90,107.68
32736,31.02,107.68
32747,28.01,107.68
32758,30.12,107.68
32769,30.55,107.68
32780,30.55,107.68
32791,30.55,107.68
32802,30.55,107.68
32813,30.55,98.55
32824,30.55,98.55
32835,30.55,98.55
32846,28.66,98.55
32857,28.64,98.55
32868,30.07,98.55
32879,29.24,98.55
32890,29.24,98.55
32901,28.83,98.55
32912,27.17,98.55
32923,27.64,105.42
32934,27.71,105.42
32945,30.24,105.42
32956,30.24,105.42
32967,30.24,105.42
32978,30.24,105.42
32989,30.24,105.42
33000,30.24,105.42
33011,38.01,105.42
33022,28.24,105.42
33033,28.29,100.39
33044,28.29,100.39
33055,28.29,100.39
33066,28.29,100.39
33077,28.29,100.39
33088,28.29,100.39
33099,36.06,100.39
33110,28.59,100.39
33121,28.59,100.39
33132,28.59,100.39
33143,28.59,100.65
33154,28.59,100.65
33165,28.59,100.65
33176,28.59,100.65
33187,36.36,100.65
33198,29.80,100.65
33209,30.68,100.65
33220,31.14,100.65
33231,29.41,100.65
33242,29.90,100.65
33253,30.29,97.64
33264,38.06,97.64
33275,30.29,97.64
33286,29.00,97.64
33297,30.24,97.64
33308,28.93,97.64
33319,29.36,97.64
33330,31.89,97.64
33341,31.89,97.64
33352,29.72,97.64
33363,29.24,101.97
33374,28.64,101.97
33385,28.24,101.97
33396,28.58,101.97
33407,28.08,101.97
33418,28.88,101.97
33429,29.19,101.97
33440,36.96,101.97
33451,36.96,101.97
33462,36.96,101.97
33473,36.96,85.04
33484,36.96,85.04
33495,36.96,85.04
33506,36.96,85.04
33517,28.93,85.04
33528,30.17,85.04
33539,29.61,85.04
33550,28.24,85.04
33561,28.12,85.04
33572,28.88,85.04
33583,27.47,114.07
33594,27.28,114.07
33605,27.17,114.07
33616,34.87,114.07
33627,26.45,114.07
33638,27.17,114.07
33649,27.17,114.07
33660,27.17,114.07
33671,27.17,114.07
33682,27.17,114.07
33693,27.17,102.41
33704,27.17,102.41
33715,25.09,102.41
33726,26.28,102.41
33737,27.10,102.41
33748,27.10,102.41
33759,27.10,102.41
33770,27.10,102.41
33781,27.10,102.41
33792,27.10,102.41
33803,34.87,86.53
33814,27.76,86.53
33825,25.40,86.53
33836,25.91,86.53
33847,27.81,86.53
33858,26.64,86.53
33869,28.05,86.53
33880,27.74,86.53
33891,26.57,86.53
33902,27.57,86.53
33913,28.88,108.52
33924,28.88,108.52
33935,28.88,108.52
33946,28.88,108.52
33957,28.88,108.52
33968,28.88,108.52
33979,36.65,108.52
33990,27.88,108.52
34001,28.29,108.52
34012,29.60,108.52
34023,29.17,100.18
34034,27.47,100.18
34045,28.29,100.18
34056,26.98,100.18
34067,28.29,100.18
34078,28.71,100.18
34089,27.05,100.18
34100,27.05,100.18
34111,27.05,100.18
34122,27.47,100.18
34133,29.60,99.71
34144,29.60,99.71
34155,29.60,99.71
34166,29.60,99.71
34177,29.60,99.71
34188,29.60,99.71
34199,29.60,99.71
34210,27.45,99.71
34221,26.99,99.71
34232,28.24,99.71
34243,28.64,102.20
34254,28.64,102.20
34265,28.64,102.20
34276,28.64,102.20
34287,28.64,102.20
34298,28.64,102.20
34309,36.41,102.20
34320,26.52,102.20
34331,26.04,102.20
34342,27.23,102.20
34353,38.37,81.36
34364,38.37,81.36
34375,38.37,81.36
34386,38.37,81.36
34397,38.37,81.36
34408,38.37,81.36
34419,38.37,81.36
34430,27.30,81.36
34441,27.25,81.36
34452,26.35,81.36
34463,27.54,115.68
34474,27.95,115.68
34485,27.95,115.68
34496,27.95,115.68
34507,27.95,115.68
34518,27.95,115.68
34529,27.95,115.68
34540,35.72,115.68
34551,35.72,115.68
34562,35.72,115.68
34573,35.72,85.16
34584,35.72,85.16
34595,35.72,85.16
34606,35.72,85.16
34617,27.69,85.16
34628,27.76,85.16
34639,25.74,85.16
34650,28.93,85.16
34661,26.88,85.16
34672,26.57,85.16
34683,25.81,115.66
34694,26.81,115.66
34705,29.46,115.66
34716,29.46,115.66
34727,29.46,115.66
34738,29.46,115.66
34749,29.46,115.66
34760,29.46,115.66
34771,29.46,115.66
34782,27.01,115.66
34793,29.26,95.91
34804,29.43,95.91
34815,29.20,95.91
34826,28.85,95.91
34837,28.85,95.91
34848,28.85,95.91
34859,28.85,95.91
34870,28.85,95.91
34881,28.85,95.91
34892,36.62,95.91
34903,30.89,97.12
34914,30.89,97.12
34925,30.89,97.12
34936,30.89,97.12
34947,30.89,97.12
34958,30.89,97.12
34969,30.89,97.12
34980,33.56,97.12
34991,33.73,97.12
35002,31.77,97.12
35013,33.25,94.45
35024,33.40,94.45
35035,32.69,94.45
35046,33.32,94.45
35057,38.52,94.45
35068,38.52,94.45
35079,38.52,94.45
35090,38.52,94.45
35101,38.52,94.45
35112,38.52,94.45
35123,38.52,86.82
35134,33.85,86.82
35145,33.85,86.82
35156,33.85,86.82
35167,33.85,86.82
35178,33.85,86.82
35189,33.85,86.82
35200,33.85,86.82
35211,32.60,86.82
35222,32.50,86.82
35233,32.77,105.08
35244,32.20,105.08
35255,32.37,105.08
35266,33.03,105.08
35277,35.39,105.08
35288,31.24,105.08
35299,31.09,105.08
35310,32.15,105.08
35321,31.45,105.08
35332,31.28,105.08
35343,30.14,102.88
35354,31.21,102.88
35365,29.66,102.88
35376,29.49,102.88
35387,30.09,102.88
35398,29.97,102.88
35409,29.78,102.88
35420,28.78,102.88
35431,29.02,102.88
35442,29.73,102.88
35453,30.02,99.69
35464,30.02,99.69
35475,30.02,99.69
35486,30.02,99.69
35497,30.02,99.69
35508,30.02,99.69
35519,30.02,99.69
35530,29.31,99.69
35541,27.95,99.69
35552,27.42,99.69
35563,28.25,103.10
35574,29.56,103.10
35585,27.85,103.10
35596,27.73,103.10
35607,27.66,103.10
35618,30.55,103.10
35629,29.68,103.10
35640,29.20,103.10
35651,29.20,103.10
35662,29.20,103.10
35673,29.20,98.92
35684,29.20,98.92
35695,29.20,98.92
35706,29.20,98.92
35717,27.42,98.92
35728,29.09,98.92
35739,27.85,98.92
35750,27.42,98.92
35761,29.14,98.92
35772,30.45,98.92
35783,30.45,97.67
35794,30.45,97.67
35805,30.45,97.67
35816,30.45,97.67
35827,30.45,97.67
35838,38.22,97.67
35849,28.29,97.67
35860,28.69,97.67
35871,27.40,97.67
35882,28.64,97.67
35893,29.07,102.05
35904,29.48,102.05
35915,26.93,102.05
35926,27.35,102.05
35937,27.28,102.05
35948,27.22,102.05
35959,28.49,102.05
35970,29.31,102.05
35981,28.90,102.05
35992,28.90,102.05
36003,28.90,100.62
36014,28.90,100.62
36025,28.90,100.62
36036,28.90,100.62
36047,36.67,100.62
36058,27.32,100.62
36069,29.54,100.62
36080,37.31,100.62
36091,37.31,100.62
36102,37.31,100.62
36113,37.31,83.45
36124,37.31,83.45
36135,37.31,83.45
36146,37.31,83.45
36157,27.88,83.45
36168,28.29,83.45
36179,31.31,83.45
36190,28.29,83.45
36201,28.20,83.45
36212,27.40,83.45
36223,28.64,111.72
36234,26.45,111.72
36245,28.93,111.72
36256,26.69,111.72
36267,26.99,111.72
36278,26.88,111.72
36289,26.35,111.72
36300,26.21,111.72
36311,28.29,111.72
36322,26.04,111.72
36333,25.92,105.97
36344,28.41,105.97
36355,25.75,105.97
36366,26.16,105.97
36377,25.28,105.97
36388,29.53,105.97
36399,29.53,105.97
36410,29.53,105.97
36421,29.53,105.97
36432,29.53,105.97
36443,29.53,95.25
36454,29.53,95.25
36465,26.04,95.25
36476,27.01,95.25
36487,27.47,95.25
36498,27.47,95.25
36509,27.47,95.25
36520,27.47,95.25
36531,27.47,95.25
36542,27.47,95.25
36553,27.47,104.10
36564,27.05,104.10
36575,27.10,104.10
36586,28.93,104.10
36597,27.71,104.10
36608,27.71,104.10
36619,27.71,104.10
36630,27.71,104.10
36641,27.71,104.10
36652,27.71,104.10
36663,35.48,85.32
36674,28.24,85.32
36685,29.17,85.32
36696,29.24,85.32
36707,28.41,85.32
36718,30.12,85.32
36729,30.12,85.32
36740,30.12,85.32
36751,30.12,85.32
36762,30.12,85.32
36773,30.12,106.42
36784,37.89,106.42
36795,28.19,106.42
36806,29.44,106.42
36817,28.08,106.42
36828,29.31,106.42
36839,36.62,106.42
36850,27.49,106.42
36861,27.45,106.42
36872,28.22,106.42
36883,28.17,103.40
36894,28.52,103.40
36905,27.22,103.40
36916,28.47,103.40
36927,28.05,103.40
36938,29.29,103.40
36949,27.54,103.40
36960,30.14,103.40
36971,37.91,103.40
36982,37.91,103.40
36993,37.91,81.24
37004,37.91,81.24
37015,37.91,81.24
37026,37.91,81.24
37037,37.91,81.24
37048,27.33,81.24
37059,27.37,81.24
37070,28.52,81.24
37081,27.40,81.24
37092,27.40,81.24
37103,37.30,94.97
37114,37.30,94.97
37125,27.76,94.97
37136,27.76,94.97
37147,28.95,94.97
37158,30.67,94.97
37169,28.85,94.97
37180,29.20,94.97
37191,27.37,94.97
37202,26.89,94.97
37213,28.01,112.75
37224,28.30,112.75
37235,27.71,112.75
37246,27.95,112.75
37257,28.25,112.75
37268,26.77,112.75
37279,26.65,112.75
37290,26.49,112.75
37301,28.08,112.75
37312,35.78,112.75
37323,26.94,102.89
37334,26.06,102.89
37345,26.47,102.89
37356,25.58,102.89
37367,25.99,102.89
37378,26.47,102.89
37389,27.35,102.89
37400,27.01,102.89
37411,25.75,102.89
37422,25.87,102.89
37433,25.94,103.59
37444,27.37,103.59
37455,27.37,103.59
37466,27.37,103.59
37477,27.37,103.59
37488,27.37,103.59
37499,27.37,103.59
37510,27.37,103.59
37521,29.00,103.59
37532,27.90,103.59
37543,29.26,95.68
37554,27.66,95.68
37565,29.49,95.68
37576,28.78,95.68
37587,28.90,95.68
37598,27.79,95.68
37609,28.32,95.68
37620,36.09,95.68
37631,36.09,95.68
37642,30.74,95.68
37653,30.85,96.78
37664,29.20,96.78
37675,28.49,96.78
37686,28.97,96.78
37697,28.61,96.78
37708,28.66,96.78
37719,29.12,96.78
37730,29.53,96.78
37741,29.95,96.78
37752,31.26,96.78
37763,31.26,98.01
37774,31.26,98.01
37785,31.26,98.01
37796,31.26,98.01
37807,31.26,98.01
37818,31.26,98.01
37829,29.82,98.01
37840,31.48,98.01
37851,28.78,98.01
37862,30.50,98.01
37873,29.14,102.81
37884,30.80,102.81
37895,30.67,102.81
37906,28.47,102.81
37917,29.73,102.81
37928,28.37,102.81
37939,28.30,102.81
37950,29.09,102.81
37961,29.85,102.81
37972,27.25,102.81
37983,28.90,100.54
37994,29.68,100.54
38005,27.54,100.54
38016,27.90,100.54
38027,27.01,100.54
38038,26.96,100.54
38049,28.61,100.54
38060,27.30,100.54
38071,26.83,100.54
38082,27.66,100.54
38093,28.49,101.08
38104,27.57,101.08
38115,28.41,101.08
38126,28.35,101.08
38137,29.60,101.08
38148,27.45,101.08
38159,29.12,101.08
38170,27.37,101.08
38181,26.88,101.08
38192,26.83,101.08
38203,26.77,104.05
38214,28.01,104.05
38225,28.01,104.05
38236,28.01,104.05
38247,28.01,104.05
38258,28.01,104.05
38269,28.01,104.05
38280,28.01,104.05
38291,26.49,104.05
38302,27.71,104.05
38313,26.81,101.81
38324,26.35,101.81
38335,26.33,101.81
38346,26.76,101.81
38357,27.17,101.81
38368,27.17,101.81
38379,27.17,101.81
38390,27.17,101.81
38401,27.17,101.81
38412,27.17,101.81
38423,34.94,85.53
38434,26.23,85.53
38445,29.19,85.53
38456,27.93,85.53
38467,26.64,85.53
38478,26.64,85.53
38489,26.64,85.53
38500,27.47,85.53
38511,27.40,85.53
38522,28.24,85.53
38533,29.07,107.82
38544,27.28,107.82
38555,26.83,107.82
38566,25.87,107.82
38577,26.64,107.82
38588,28.71,107.82
38599,28.71,107.82
38610,28.71,107.82
38621,28.71,107.82
38632,28.71,107.82
38643,28.71,100.94
38654,28.71,100.94
38665,27.54,100.94
38676,25.77,100.94
38687,26.94,100.94
38698,26.04,100.94
38709,25.58,100.94
38720,25.52,100.94
38731,24.56,100.94
38742,24.99,100.94
38753,24.51,108.97
38764,24.09,108.97
38775,25.75,108.97
38786,26.57,108.97
38797,24.44,108.97
38808,26.59,108.97
38819,25.69,108.97
38830,24.80,108.97
38841,34.29,108.97
38852,25.21,108.97
38863,25.21,102.22
38874,25.21,102.22
38885,25.21,102.22
38896,25.21,102.22
38907,25.21,102.22
38918,25.21,102.22
38929,32.98,102.22
38940,25.63,102.22
38951,26.11,102.22
38962,25.77,102.22
38973,26.23,101.17
38984,25.53,101.17
38995,26.47,101.17
39006,26.54,101.17
39017,27.01,101.17
39028,27.01,101.17
39039,27.01,101.17
39050,27.01,101.17
39061,27.01,101.17
39072,27.01,101.17
39083,27.01,101.00
39094,26.33,101.00
39105,26.40,101.00
39116,27.33,101.00
39127,26.98,101.00
39138,26.64,101.00
39149,25.81,101.00
39160,26.21,101.00
39171,26.76,101.00
39182,28.01,101.00
39193,26.72,102.66
39204,27.18,102.66
39215,26.35,102.66
39226,26.35,102.66
39237,26.35,102.66
39248,26.35,102.66
39259,26.35,102.66
39270,26.35,102.66
39281,26.35,102.66
39292,27.59,102.66
39303,25.87,104.07
39314,28.00,104.07
39325,27.59,104.07
39336,27.59,104.07
39347,26.72,104.07
39358,28.83,104.07
39369,28.83,104.07
39380,28.83,104.07
39391,28.83,104.07
39402,28.83,104.07
39413,28.83,97.08
39424,28.83,97.08
39435,36.60,97.08
39446,36.60,97.08
39457,27.71,97.08
39468,27.33,97.08
39479,28.66,97.08
39490,26.54,97.08
39501,26.54,97.08
39512,27.42,97.08
39523,27.42,103.79
39534,27.01,103.79
39545,29.14,103.79
39556,27.44,103.79
39567,27.85,103.79
39578,28.66,103.79
39589,28.66,103.79
39600,28.66,103.79
39611,28.66,103.79
39622,28.66,103.79
39633,28.66,99.51
39644,28.66,99.51
39655,27.83,99.51
39666,28.25,99.51
39677,36.02,99.51
39688,27.37,99.51
39699,26.60,99.51
39710,26.60,99.51
39721,27.85,99.51
39732,29.56,99.51
39743,27.42,103.65
39754,28.25,103.65
39765,28.25,103.65
39776,28.25,103.65
39787,28.25,103.65
39798,28.25,103.65
39809,28.25,103.65
39820,28.25,103.65
39831,28.25,103.65
39842,26.57,103.65
39853,27.86,101.20
39864,28.71,101.20
39875,27.05,101.20
39886,27.05,101.20
39897,26.64,101.20
39908,27.93,101.20
39919,26.69,101.20
39930,26.69,101.20
39941,27.59,101.20
39952,28.88,101.20
39963,27.23,103.09
39974,27.64,103.09
39985,26.81,103.09
39996,28.12,103.09
40007,28.12,103.09
40018,28.13,103.09
40029,26.83,103.09
40040,30.24,103.09
40051,29.43,103.09
40062,29.43,103.09
40073,29.43,97.91
40084,29.43,97.91
40095,29.43,97.91
40106,29.43,97.91
40117,29.43,97.91
40128,28.19,97.91
40139,27.37,97.91
40150,27.37,97.91
40161,27.78,97.91
40172,27.37,97.91
40183,26.94,105.78
40194,27.78,105.78
40205,28.66,105.78
40216,27.37,105.78
40227,27.78,105.78
40238,26.94,105.78
40249,28.66,105.78
40260,26.96,105.78
40271,26.94,105.78
40282,26.54,105.78
40293,27.42,101.65
40304,27.01,101.65
40315,28.80,101.65
40326,28.80,101.65
40337,28.85,101.65
40348,37.93,101.65
40359,27.25,101.65
40370,29.09,101.65
40381,27.83,101.65
40392,27.90,101.65
40403,28.80,99.55
40414,28.85,99.55
40425,28.08,99.55
40436,27.73,99.55
40447,27.78,99.55
40458,28.25,99.55
40469,27.85,99.55
40480,27.90,99.55
40491,27.52,99.55
40502,29.24,99.55
40513,29.24,100.47
40524,28.41,100.47
40535,29.29,100.47
40546,29.29,100.47
40557,28.83,100.47
40568,29.26,100.47
40579,30.09,100.47
40590,30.09,100.47
40601,27.96,100.47
40612,27.49,100.47
40623,28.32,102.91
40634,29.14,102.91
40645,28.25,102.91
40656,28.66,102.91
40667,29.92,102.91
40678,29.92,102.91
40689,29.92,102.91
40700,29.92,102.91
40711,29.92,102.91
40722,29.92,102.91
40733,37.69,82.85
40744,27.22,82.85
40755,28.05,82.85
40766,38.37,82.85
40777,28.05,82.85
40788,27.64,82.85
40799,28.47,82.85
40810,29.31,82.85
40821,29.29,82.85
40832,28.00,82.85
40843,28.41,113.60
40854,29.19,113.60
40865,28.73,113.60
40876,29.12,113.60
40887,30.72,113.60
40898,30.72,113.60
40909,30.72,113.60
40920,30.72,113.60
40931,30.72,113.60
40942,30.72,113.60
40953,30.72,96.90
40964,27.35,96.90
40975,27.76,96.90
40986,28.66,96.90
40997,36.43,96.90
41008,36.43,96.90
41019,36.43,96.90
41030,36.43,96.90
